Player,Pos,Age,Tm,G,GS,MP,FG,FGA,FG%,3P,3PA,3P%,2P,2PA,2P%,eFG%,FT,FTA,FT%,ORB,DRB,TRB,AST,STL,BLK,TOV,PF,PTS
Precious Achiuwa,PF,21,MIA,28,2,14.6,2.6,4.4,0.59,0,0,0,2.6,4.4,0.59,0.59,1.3,2.4,0.561,1.3,2.7,4,0.6,0.4,0.5,1,1.9,6.5
Jaylen Adams,PG,24,MIL,6,0,2.8,0.2,1.3,0.125,0,0.3,0,0.2,1,0.167,0.125,0,0,0,0,0.5,0.5,0.3,0,0,0,0.2,0.3
Steven Adams,C,27,NOP,27,27,28.1,3.5,5.8,0.603,0,0,0,3.5,5.7,0.606,0.603,1.1,2.3,0.468,4.3,4.6,8.9,2.1,1,0.6,1.7,1.9,8
Bam Adebayo,C,23,MIA,26,26,33.6,7.4,12.9,0.573,0.1,0.2,0.4,7.3,12.7,0.576,0.576,5.1,6,0.841,1.9,7.3,9.2,5.3,1,1,3,2.6,19.9
LaMarcus Aldridge,C,35,SAS,18,18,26.7,5.9,12.5,0.476,1.3,3.7,0.358,4.6,8.8,0.525,0.529,0.9,1.2,0.762,0.8,3.5,4.3,1.9,0.4,0.9,0.9,1.5,14.1
Ty-Shon Alexander,SG,22,PHO,3,0,2.7,0,1,0,0,0.3,0,0,0.7,0,0,0,0,0,0,0.3,0.3,0.3,0,0,0,0.3,0
Nickeil Alexander-Walker,SG,22,NOP,23,3,19.2,3.3,8.2,0.41,1,3.8,0.276,2.3,4.4,0.525,0.473,1.1,1.4,0.781,0.2,2.4,2.7,2,1.1,0.3,1.3,1.7,8.8
Grayson Allen,SG,25,MEM,19,8,23.9,3.2,7.4,0.429,2.3,5.3,0.436,0.8,2.1,0.41,0.586,1.7,1.9,0.892,0.4,2.5,2.9,2.1,1,0.2,1.1,1.3,10.4
Jarrett Allen,C,22,TOT,28,10,26.2,4.4,6.8,0.642,0,0.1,0.25,4.3,6.6,0.651,0.645,3.6,4.7,0.758,2.9,6.1,9,1.6,0.5,1.6,1.5,1.6,12.3
Jarrett Allen,C,22,BRK,12,5,26.7,3.7,5.4,0.677,0,0,0,3.7,5.4,0.677,0.677,3.8,5.1,0.754,3.2,7.3,10.4,1.7,0.6,1.6,1.8,1.8,11.2
Jarrett Allen,C,22,CLE,16,5,25.9,4.9,7.8,0.624,0.1,0.3,0.25,4.8,7.6,0.636,0.628,3.4,4.4,0.761,2.8,5.2,7.9,1.6,0.4,1.7,1.3,1.4,13.2
Al-Farouq Aminu,PF,30,ORL,2,0,8,0.5,0.5,1,0.5,0.5,1,0,0,0,1.5,0,1,0,0.5,1.5,2,1,0,0,1,0,1.5
Kyle Anderson,PF,27,MEM,24,24,28.1,5,10.7,0.467,1.7,4.3,0.388,3.3,6.4,0.519,0.545,2.1,2.7,0.781,0.9,5.3,6.3,3.8,1.1,0.8,1.4,1.8,13.8
Giannis Antetokounmpo,PF,26,MIL,27,27,33.6,10.3,18.4,0.563,1.1,4,0.29,9.2,14.4,0.638,0.594,6.4,9.9,0.642,1.7,9.7,11.4,5.8,1.3,1.3,3.7,3.1,28.2
Kostas Antetokounmpo,PF,23,LAL,1,0,8,0,2,0,0,0,0,0,2,0,0,0,0,0,0,4,4,0,0,2,2,1,0
Thanasis Antetokounmpo,SF,28,MIL,18,0,8.3,0.9,1.4,0.654,0.1,0.4,0.286,0.8,1.1,0.789,0.692,0.2,0.4,0.571,0.7,1,1.7,0.8,0.3,0.2,0.8,1.4,2.2
Carmelo Anthony,PF,36,POR,27,3,25.3,4.6,11.7,0.396,1.7,4.5,0.377,2.9,7.2,0.407,0.468,2.4,2.8,0.842,0.6,2.9,3.5,1.3,0.8,0.8,0.9,2.1,13.3
Cole Anthony,PG,20,ORL,25,17,26.7,4,10.8,0.375,1.1,3.3,0.325,3,7.4,0.398,0.426,1.8,2.2,0.836,0.8,3.6,4.4,3.8,0.7,0.4,2,2,11
OG Anunoby,SF,23,TOR,18,18,34.4,5.1,10.3,0.489,2.4,5.7,0.431,2.6,4.7,0.56,0.608,2,2.7,0.75,1.6,4.3,5.9,1.6,2,0.6,1.7,2.9,14.6
Ryan Arcidiacono,PG,26,CHI,11,0,9.7,0.8,2.2,0.375,0.5,1.5,0.375,0.3,0.7,0.375,0.5,0.4,0.5,0.8,0.1,1.9,2,1.5,0.3,0,0.2,0.9,2.5
D.J. Augustin,PG,33,MIL,27,0,17.8,1.7,5.1,0.336,1.2,3.3,0.364,0.5,1.8,0.286,0.453,1.3,1.4,0.895,0.4,0.8,1.2,3,0.5,0,0.8,0.7,5.9
Deni Avdija,SF,20,WAS,22,16,22.9,2.5,6,0.424,1.2,3.5,0.355,1.3,2.5,0.518,0.527,0.5,0.9,0.579,0.5,4.4,4.9,1.6,0.8,0.2,0.8,2.8,6.8
Deandre Ayton,C,22,PHO,27,27,32.1,6.1,10.3,0.59,0.1,0.6,0.25,5.9,9.7,0.611,0.597,1.6,2.3,0.721,3.7,8.6,12.2,1.8,0.3,1,2.1,3.4,13.9
Udoka Azubuike,C,21,UTA,12,0,4.1,0.3,0.6,0.571,0,0,0,0.3,0.6,0.571,0.571,0.3,0.5,0.667,0.3,0.8,1.1,0,0.1,0.3,0.3,0.7,1
Dwayne Bacon,SG,25,ORL,29,20,24.9,4.1,9.6,0.423,1.1,2.9,0.373,3,6.8,0.444,0.478,1.5,1.9,0.8,0.4,2.7,3.1,1,0.8,0.1,0.7,1.7,10.7
Marvin Bagley III,PF,21,SAC,25,25,24.9,5.1,10.8,0.476,1,2.8,0.371,4.1,8,0.513,0.524,1.5,2.9,0.514,2.1,5.3,7.4,0.9,0.5,0.5,1.5,2.5,12.8
LaMelo Ball,PG,19,CHO,28,8,27.7,5.4,12.4,0.437,1.8,5.1,0.354,3.6,7.3,0.495,0.51,2,2.5,0.797,1.5,4.6,6.2,6.1,1.5,0.4,2.7,2.6,14.6
Lonzo Ball,PG,23,NOP,25,25,30.9,5.2,12.2,0.424,2.9,7.6,0.381,2.3,4.6,0.496,0.543,0.8,1.1,0.741,0.6,3.7,4.3,4.7,1.2,0.5,2,2.5,14
Mo Bamba,C,22,ORL,13,0,8.7,2.2,4.2,0.519,0.3,1.2,0.267,1.8,3,0.615,0.556,0.2,0.4,0.6,1.2,2.5,3.8,0.3,0.2,0.8,0.3,1.1,4.8
Desmond Bane,SG,22,MEM,20,2,22.8,3.8,7.8,0.484,2.1,4.3,0.482,1.7,3.5,0.486,0.616,0.7,0.9,0.824,0.5,2.2,2.7,1.6,0.7,0.2,1.2,1.9,10.3
Harrison Barnes,PF,28,SAC,27,27,35.1,5.3,11,0.48,1.7,4.3,0.388,3.6,6.7,0.539,0.556,3.6,4.3,0.843,1.1,5.1,6.2,3.4,0.8,0.2,1.4,1.1,15.8
RJ Barrett,SG,20,NYK,30,30,33.7,6.2,14.6,0.428,1,3.4,0.304,5.2,11.2,0.466,0.463,3,4,0.742,1.3,4.9,6.2,3.1,0.7,0.2,1.9,2.5,16.5
Will Barton,SF,30,DEN,25,21,29.8,4.4,10,0.436,1.6,4,0.404,2.8,6,0.457,0.516,1.3,1.8,0.75,0.5,3.2,3.7,3.2,0.8,0.4,1.5,1.8,11.6
Keita Bates-Diop,SF,25,SAS,8,0,3.4,0,1.1,0,0,0.5,0,0,0.6,0,0,0.6,0.8,0.833,0.1,0.3,0.4,0.3,0.1,0,0,0,0.6
Nicolas Batum,SF,32,LAC,27,27,29.9,3.3,6.8,0.492,2.1,4.6,0.456,1.2,2.1,0.569,0.648,1,1.1,0.867,0.9,4,4.9,2.3,1.4,0.4,0.7,1.7,9.7
Aron Baynes,C,34,TOR,25,24,18.8,2.4,5.8,0.411,0.5,2.2,0.222,1.9,3.7,0.522,0.452,0.3,0.4,0.778,1.5,3.9,5.4,1,0.3,0.3,0.8,2.5,5.6
Kent Bazemore,SF,31,GSW,27,0,16.6,2.5,4.9,0.515,1,2.3,0.459,1.5,2.6,0.563,0.621,0.9,1.1,0.8,0.5,2.6,3.1,1.6,0.8,0.6,1,2.2,7
Darius Bazley,PF,20,OKC,28,28,31.1,4.5,11.5,0.393,1.5,5.3,0.286,3,6.3,0.483,0.458,1.6,2.1,0.767,0.5,6.9,7.4,1.8,0.5,0.7,1.8,1,12.2
Bradley Beal,SG,27,WAS,24,24,35.3,11.4,24,0.473,2.5,7.4,0.337,8.9,16.6,0.534,0.525,7.5,8.4,0.896,1.4,3.8,5.2,4.7,1.3,0.5,3.1,2.5,32.8
Malik Beasley,SG,24,MIN,29,28,32.8,7.7,17,0.455,3.4,8.7,0.398,4.3,8.3,0.515,0.557,2,2.4,0.843,0.9,4,4.9,2.5,0.9,0.2,1.7,1.7,20.9
Jordan Bell,C,26,WAS,3,1,16.7,1.7,5,0.333,0,0.7,0,1.7,4.3,0.385,0.333,0,0,0,1.7,3.7,5.3,1.7,0.3,1,1,1.3,3.3
DeAndre' Bembry,SF,26,TOR,19,0,13.7,1.7,2.8,0.611,0.4,0.7,0.5,1.4,2.1,0.65,0.676,0.3,0.6,0.545,0.4,1.2,1.6,1.6,0.6,0.3,0.6,1.3,4.2
Davis Bertan,PF,28,WAS,23,3,25.8,3.3,8.8,0.381,3,7.8,0.378,0.4,1,0.409,0.55,1.9,2.3,0.827,0.4,2.7,3.1,1,0.7,0.3,0.6,2.5,11.5
Patrick Beverley,PG,32,LAC,20,20,24.2,2.7,6.2,0.435,1.8,4,0.443,1,2.3,0.422,0.577,1.1,1.5,0.759,1,3.2,4.2,2.2,1,0.8,0.8,3.4,8.3
Saddiq Bey,SF,21,DET,26,9,20.3,2.9,7,0.418,1.9,4.7,0.413,1,2.3,0.426,0.555,1.5,1.8,0.826,0.4,3.2,3.7,1,0.5,0,0.7,1.3,9.2
Tyler Bey,SF,22,DAL,4,0,3.3,0.5,1.3,0.4,0,0,0,0.5,1.3,0.4,0.4,0.5,1,0.5,0.5,0.3,0.8,0,0,0.3,0,0.5,1.5
Khem Birch,C,28,ORL,29,0,21.8,2.5,4.8,0.514,0.1,0.4,0.25,2.4,4.4,0.539,0.525,1.6,2.1,0.742,2.8,3.2,6,1.2,0.7,0.7,0.7,1.7,6.7
Goga Bitadze,C,21,IND,13,0,9.5,1.7,2.9,0.579,0.2,0.9,0.167,1.5,2,0.769,0.605,0.7,0.9,0.75,0.7,1.5,2.2,0.2,0.2,1.1,0.3,1.8,4.2
Bismack Biyombo,C,28,CHO,26,16,22.5,2.7,4.6,0.58,0,0,0,2.7,4.5,0.585,0.58,0.8,1.8,0.447,2.2,3.6,5.8,1.3,0.2,1.2,0.9,2.3,6.1
Nemanja Bjelica,PF,32,SAC,13,0,16.2,2.3,5.2,0.448,0.5,2,0.269,1.8,3.2,0.561,0.5,1.8,2.2,0.821,0.9,2.8,3.8,2.2,0,0.2,1.2,1.8,6.9
Eric Bledsoe,SG,31,NOP,27,26,28.9,4.6,10.5,0.437,2.2,5.4,0.401,2.4,5.1,0.474,0.54,1.3,2,0.648,0.5,3.1,3.6,3.7,0.7,0.3,1.7,1.5,12.7
Keljin Blevins,SF,25,POR,8,0,4.8,0.1,1.1,0.111,0,0.4,0,0.1,0.8,0.167,0.111,0,0,0,0,0,0,0.5,0.3,0,0.4,0.5,0.3
Bogdan Bogdanovic,SG,28,ATL,9,2,23.7,3.3,8.7,0.385,2.3,6.4,0.362,1,2.2,0.45,0.519,0.9,1,0.889,0.2,3.6,3.8,2.1,0.4,0.1,1.2,2,9.9
Bojan Bogdanovic,SF,31,UTA,29,29,30.7,5,12.1,0.416,2.6,6.6,0.387,2.5,5.5,0.45,0.521,2.6,3,0.864,0.5,3.5,4,2.1,0.4,0,1.5,1.5,15.2
Bol Bol,PF,21,DEN,12,2,5.4,0.6,1.3,0.438,0.2,0.5,0.333,0.4,0.8,0.5,0.5,0.1,0.2,0.5,0,0.8,0.8,0.2,0.1,0.3,0.4,0.6,1.4
Marques Bolden,C,22,CLE,6,0,4.8,0.2,0.5,0.333,0,0,0,0.2,0.5,0.333,0.333,0.8,1.3,0.625,0.5,0.5,1,0,0.3,0.3,0.3,0,1.2
Jordan Bone,PG,23,ORL,14,0,14,1.6,3.9,0.426,0.7,2.3,0.313,0.9,1.6,0.591,0.519,0,0,0,0.3,1.4,1.7,1.3,0.1,0,0.2,0.8,4
Isaac Bonga,SF,21,WAS,17,7,13.5,0.8,2.1,0.389,0.5,1.3,0.409,0.3,0.8,0.357,0.514,0.1,0.2,0.667,0.5,1.8,2.2,0.5,0.2,0.2,0.4,1.6,2.3
Devin Booker,SG,24,PHO,23,23,35.2,9,18.2,0.492,2,5.8,0.353,6.9,12.4,0.556,0.548,4.4,5.3,0.829,0.2,3.5,3.7,4.4,0.9,0.3,3.5,3.3,24.4
Chris Boucher,C,28,TOR,28,0,23.4,4.8,9,0.528,1.6,3.6,0.441,3.1,5.4,0.587,0.617,2.5,3.3,0.75,2,4.8,6.8,1,0.5,2.1,0.7,2.7,13.6
Brian Bowen,SF,22,IND,1,0,5,1,2,0.5,0,0,0,1,2,0.5,0.5,1,1,1,0,1,1,0,0,0,0,0,3
Avery Bradley,SG,30,MIA,10,1,21.1,3.1,6.6,0.47,1.6,3.8,0.421,1.5,2.8,0.536,0.591,0.7,0.9,0.778,0.2,1.6,1.8,1.4,0.7,0.1,0.9,2.6,8.5
Tony Bradley,C,23,PHI,10,1,11.7,1.9,3.6,0.528,0,0.1,0,1.9,3.5,0.543,0.528,0.3,0.5,0.6,2.1,2.9,5,0.6,0.3,0.6,0.1,1.1,4.1
Jarrell Brantley,PF,24,UTA,8,0,2.8,0.4,1,0.375,0.4,0.8,0.5,0,0.3,0,0.563,0,0,0,0.1,0.4,0.5,0,0.1,0.1,0.1,0.5,1.1
Ignas Brazdeikis,SF,22,NYK,4,0,1.8,0,0.3,0,0,0,0,0,0.3,0,0,0.5,0.5,1,0.3,0.3,0.5,0.3,0,0,0.3,0,0.5
Mikal Bridges,SF,24,PHO,27,27,33.3,5.1,10.1,0.504,2,4.9,0.398,3.1,5.1,0.604,0.601,2,2.4,0.833,1.4,4,5.3,2.1,0.6,1,0.7,1.9,14.1
Miles Bridges,PF,22,CHO,28,2,26.7,3.8,8,0.469,1.3,3.5,0.364,2.5,4.5,0.552,0.549,1.1,1.2,0.939,1.3,4.5,5.8,1.9,0.7,0.8,1.8,2.4,9.9
Malcolm Brogdon,PG,28,IND,29,29,36,8.1,18.4,0.442,2.7,6.7,0.395,5.5,11.7,0.469,0.514,2.7,2.9,0.906,0.8,4.1,4.8,6.6,1.3,0.3,2.1,1.9,21.6
Dillon Brooks,SF,25,MEM,24,24,29.2,6.1,15.4,0.397,1.9,6,0.319,4.2,9.4,0.447,0.459,1.7,2.1,0.8,1,2.2,3.3,2.6,1.3,0.4,2.3,3.3,15.8
Bruce Brown,PG,24,BRK,26,13,19.2,2.7,4.9,0.555,0.2,0.8,0.182,2.6,4.1,0.632,0.57,0.8,1.1,0.69,1.3,3.1,4.4,1,0.7,0.4,0.8,1.8,6.4
Jaylen Brown,SG,24,BOS,26,26,33.4,9.9,19.5,0.506,2.4,5.9,0.409,7.5,13.6,0.548,0.568,3.7,4.8,0.768,1.2,4.3,5.5,3.6,1.2,0.6,2.8,3,25.9
Moses Brown,C,21,OKC,7,0,4.4,1,1.4,0.7,0,0,0,1,1.4,0.7,0.7,1,2,0.5,0.6,1.6,2.1,0.4,0.1,0.6,0.1,0.6,3
Sterling Brown,SG,25,HOU,26,1,21.4,2.8,6.2,0.45,1.5,3.8,0.408,1.2,2.4,0.516,0.575,0.4,0.4,1,0.8,3.1,3.9,1.8,1,0.3,0.7,2,7.5
Troy Brown Jr.,SF,21,WAS,13,0,15.8,1.7,4.8,0.355,0.8,2.8,0.306,0.8,2,0.423,0.444,0.5,0.9,0.583,0.6,2.8,3.5,1,0.2,0.2,0.9,1.8,4.8
Jalen Brunson,PG,24,DAL,24,6,24.1,4.3,8.3,0.515,1.1,2.8,0.382,3.2,5.5,0.583,0.58,2,2.3,0.889,0.2,3,3.2,3.6,0.4,0,1.2,1.5,11.7
Thomas Bryant,C,23,WAS,10,10,27.1,5.9,9.1,0.648,0.9,2.1,0.429,5,7,0.714,0.698,1.6,2.4,0.667,1.8,4.3,6.1,1.5,0.4,0.8,1.1,3.1,14.3
Reggie Bullock,SF,29,NYK,25,25,26.8,3.1,7.6,0.411,1.8,4.6,0.383,1.4,3,0.453,0.526,0.5,0.6,0.813,0.3,3.2,3.5,1.4,0.7,0.2,0.7,2.5,8.5
Trey Burke,PG,28,DAL,27,0,17.3,2.9,6.6,0.444,1.3,3.4,0.396,1.6,3.2,0.494,0.545,0.9,1,0.852,0.1,1,1.1,1.6,0.8,0.1,0.6,1.5,8
Alec Burks,SG,29,NYK,18,3,25.5,3.6,9,0.395,2,4.9,0.409,1.6,4.1,0.378,0.506,1.9,2.4,0.814,0.5,4.1,4.6,2.1,0.8,0.3,1.1,1.7,11.1
Jimmy Butler,SF,31,MIA,16,16,32.9,6,13.7,0.438,0.3,1.5,0.167,5.8,12.2,0.472,0.447,7.2,8.4,0.858,1.8,5.9,7.7,7.4,1.9,0.4,2.1,1.1,19.4
Bruno Caboclo,PF,25,HOU,6,0,6,1.3,2.8,0.471,0,0.8,0,1.3,2,0.667,0.471,0.2,0.3,0.5,0.5,1.8,2.3,0.2,0,0.3,0.7,1,2.8
Devontae Cacok,PF,24,LAL,1,0,2,1,1,1,0,0,0,1,1,1,1,0,0,0,0,0,0,0,0,0,0,0,2
Kentavious Caldwell-Pope,SG,27,LAL,25,25,25.1,3,6.7,0.446,1.6,3.7,0.424,1.4,3,0.474,0.563,0.9,1.1,0.852,0.3,1.9,2.2,1.3,0.8,0.3,1,1.6,8.5
Facundo Campazzo,PG,29,DEN,25,1,14,1.5,3.8,0.396,1,2.6,0.375,0.6,1.3,0.438,0.521,0.9,1.2,0.759,0.2,0.6,0.8,1.9,0.9,0.2,0.7,1.8,4.9
Vlatko Cancar,PF,23,DEN,13,0,3.5,0.2,1.1,0.214,0.1,0.6,0.125,0.2,0.5,0.333,0.25,0.1,0.2,0.5,0.2,0.7,0.9,0.1,0.3,0.2,0.4,0.2,0.6
Clint Capela,C,26,ATL,25,25,29.3,6.3,10.9,0.579,0,0,0,6.3,10.9,0.579,0.579,1.6,3.1,0.532,4.6,9.4,14,1,0.8,2.2,1.4,2.3,14.3
Vernon Carey Jr.,C,19,CHO,3,0,2,0.3,1,0.333,0,0.3,0,0.3,0.7,0.5,0.333,0.3,0.7,0.5,0.7,0.3,1,0.3,0,0.3,0,0,1
Jevon Carter,PG,25,PHO,23,0,11.1,1.1,3.2,0.342,0.6,2.1,0.286,0.5,1,0.458,0.438,0.1,0.1,1,0.1,1.3,1.4,1.1,0.4,0.3,0.2,1.2,2.9
Wendell Carter Jr.,C,21,CHI,16,16,26.6,4.8,8.6,0.551,0.3,0.9,0.267,4.5,7.7,0.585,0.565,3.3,4.5,0.722,2.2,5.6,7.8,2.2,0.7,0.7,1.9,3,13
Michael Carter-Williams,SG,29,ORL,10,5,24.6,2.9,8.2,0.354,0.2,1.7,0.118,2.7,6.5,0.415,0.366,1.7,2.3,0.739,1.8,2.9,4.7,3,0.5,0.4,1.6,2.7,7.7
Alex Caruso,PG,26,LAL,22,0,18.7,2,4.4,0.464,1,2.3,0.44,1,2.1,0.489,0.577,0.5,0.5,0.833,0.5,1.9,2.4,2.3,1,0.2,1.1,1.6,5.5
Willie Cauley-Stein,C,27,DAL,26,10,17.5,2.4,3.8,0.626,0,0.2,0.2,2.3,3.6,0.649,0.631,1.1,1.7,0.636,1.3,3.3,4.6,0.8,0.3,0.7,0.5,2.5,5.9
Chris Chiozza,PG,25,BRK,12,0,9.3,1,3.4,0.293,0.4,1.5,0.278,0.6,1.9,0.304,0.354,0.8,0.9,0.818,0.3,0.7,0.9,2.3,0.3,0.3,0.7,0.7,3.2
Marquese Chriss,PF,23,GSW,2,0,13.5,2.5,7,0.357,0.5,2.5,0.2,2,4.5,0.444,0.393,1,2,0.5,1.5,5,6.5,1,0,1,1,1.5,6.5
Gary Clark,SF,26,ORL,26,11,21,1.2,3.9,0.294,0.9,3.3,0.264,0.3,0.6,0.467,0.407,0.2,0.3,0.857,1.1,2.5,3.6,0.9,0.3,0.2,0.6,1.1,3.4
Brandon Clarke,PF,24,MEM,20,13,27.2,5.6,11.1,0.5,0.6,1.8,0.306,5,9.3,0.538,0.525,1.3,2.1,0.634,1.6,4,5.6,1.8,1.2,0.8,0.7,1.7,13
Jordan Clarkson,SG,28,UTA,29,0,26.2,6.7,14.8,0.453,3.2,8.5,0.382,3.4,6.3,0.549,0.563,1.6,1.7,0.958,0.9,3.2,4.1,2.1,1,0.2,1.9,1.4,18.2
Amir Coffey,SG,23,LAC,19,0,8.1,1.1,2.1,0.525,0.6,1.1,0.524,0.5,1,0.526,0.663,0.2,0.5,0.333,0.2,0.6,0.8,0.4,0.2,0,0.4,0.6,2.9
John Collins,PF,23,ATL,28,28,31.6,7.1,13,0.547,1.4,3.4,0.411,5.7,9.6,0.595,0.6,2.6,3,0.867,2.2,5.4,7.6,1.6,0.5,1,1.4,3.4,18.2
Mike Conley,PG,33,UTA,23,23,29.3,5.7,12.7,0.45,2.8,6.8,0.41,2.9,5.9,0.496,0.56,2.3,2.8,0.815,1,2.7,3.7,5.8,1.4,0.1,2,1.8,16.5
Pat Connaughton,SG,28,MIL,25,0,19,2.2,5.1,0.438,1.3,3.4,0.384,0.9,1.7,0.548,0.566,0.2,0.3,0.625,0.9,2.9,3.8,1.4,0.7,0.5,0.3,1.3,6
Quinn Cook,PG,27,LAL,15,0,3.4,0.6,1.4,0.429,0.3,0.7,0.364,0.3,0.7,0.5,0.524,0.3,0.3,0.8,0,0.3,0.3,0.3,0.1,0,0.2,0.1,1.7
DeMarcus Cousins,C,30,HOU,25,11,20.2,3.2,8.4,0.376,1.6,4.6,0.336,1.6,3.8,0.426,0.469,1.8,2.4,0.746,1.2,6.4,7.6,2.4,0.8,0.7,1.6,3,9.6
Robert Covington,PF,30,POR,26,26,31.4,2.7,7.2,0.371,1.7,5.1,0.333,1,2.1,0.463,0.489,0.6,0.7,0.889,0.8,5.4,6.2,1.8,1.6,0.9,1,2.6,7.6
Torrey Craig,SF,30,MIL,15,0,11.7,1.1,2.5,0.459,0.5,1.2,0.444,0.6,1.3,0.474,0.568,0.1,0.1,0.5,0.8,1.8,2.6,0.8,0.5,0.3,0.3,1.5,2.9
Jae Crowder,PF,30,PHO,24,16,27.9,3.4,8.9,0.379,2.4,6.9,0.345,1,2,0.49,0.512,1.2,1.4,0.848,0.4,4.8,5.2,2.2,0.9,0.2,0.8,2,10.3
Jarrett Culver,SG,21,MIN,16,7,21.2,3.2,6.9,0.459,0.5,1.9,0.258,2.7,5,0.538,0.495,1.3,2.1,0.606,1.6,3.4,5,0.9,0.7,0.4,1.3,2.4,8.1
Seth Curry,SG,30,PHI,22,22,29,4.6,9.3,0.5,2.1,4.4,0.479,2.5,4.9,0.519,0.613,1.8,1.8,0.975,0.2,1.7,1.9,2.7,0.8,0.3,1.4,1.7,13.1
Stephen Curry,PG,32,GSW,29,29,34,10,20.3,0.492,5,11.8,0.425,5,8.6,0.582,0.614,5,5.3,0.935,0.4,4.9,5.3,6,1.2,0.1,3.2,1.9,30
Anthony Davis,PF,27,LAL,23,23,32.8,8.9,16.7,0.533,0.7,2.5,0.293,8.1,14.1,0.575,0.555,4,5.7,0.715,2,6.3,8.4,3,1.3,1.8,2,1.8,22.5
Ed Davis,C,31,MIN,19,7,13.9,0.9,2.3,0.419,0,0,0,0.9,2.3,0.419,0.419,0.4,0.4,0.875,2,3.1,5.1,1,0.5,0.5,0.3,2.6,2.3
Terence Davis,SG,23,TOR,22,2,13.8,2.5,5.8,0.438,1.3,3.3,0.384,1.3,2.5,0.509,0.547,0.4,0.5,0.9,0.3,1.4,1.6,0.9,0.5,0.1,0.9,1.7,6.8
DeMar DeRozan,PF,31,SAS,25,25,33.4,6.6,13.4,0.488,0.6,1.9,0.333,5.9,11.5,0.514,0.512,6,6.8,0.893,0.8,4.2,5,6.9,0.8,0.3,1.6,1.8,19.8
Hamidou Diallo,SG,22,OKC,28,5,24,4.7,9.8,0.48,0.4,1.4,0.289,4.3,8.5,0.511,0.5,2.7,4.1,0.661,1.1,4.3,5.4,2.5,1,0.4,1.5,2.5,12.5
Gorgui Dieng,C,31,MEM,19,1,17.7,2.6,4.9,0.532,1.1,2.1,0.5,1.6,2.8,0.556,0.638,1.4,1.6,0.839,1.4,3.4,4.8,1.4,0.8,0.7,1.1,1.8,7.7
Spencer Dinwiddie,SG,27,BRK,3,3,21.3,2,5.3,0.375,0.7,2.3,0.286,1.3,3,0.444,0.438,2,2,1,0,4.3,4.3,3,0.7,0.3,1.7,1.3,6.7
Donte DiVincenzo,SG,24,MIL,28,28,26.1,3.7,8.9,0.419,2,4.9,0.401,1.8,4,0.441,0.53,0.5,0.8,0.619,1,3.4,4.5,2.8,1.2,0.2,1.2,1.5,9.9
Luka Doncic,PG,21,DAL,27,27,35.3,10,21.1,0.475,2.4,7.2,0.335,7.6,14,0.546,0.532,6.6,8.3,0.795,0.9,7.7,8.6,9.4,1,0.7,4.2,2.2,29.1
Luguentz Dort,SG,21,OKC,27,27,29.6,4.3,10.6,0.409,1.9,5.7,0.323,2.5,4.9,0.511,0.497,2,2.6,0.746,0.7,2.8,3.5,1.4,0.9,0.3,1.5,2.5,12.5
Damyean Dotson,SG,26,CLE,24,6,20.4,3,7.2,0.41,1.1,3.8,0.283,1.9,3.4,0.556,0.486,0.8,1.1,0.692,0.2,1.7,1.8,2.2,0.5,0.1,0.8,0.9,7.8
Devon Dotson,PG,21,CHI,1,0,10,2,4,0.5,0,0,0,2,4,0.5,0.5,0,0,0,0,1,1,0,0,0,0,1,4
Sekou Doumbouya,PF,20,DET,24,1,13.1,1.5,4.3,0.353,0.4,1.6,0.256,1.1,2.6,0.413,0.402,0.7,1,0.739,0.6,1.8,2.4,0.6,0.4,0.1,0.7,1.5,4.1
PJ Dozier,SG,24,DEN,17,0,19.4,2.6,5.5,0.468,0.9,2.2,0.405,1.7,3.4,0.509,0.548,1.1,1.5,0.72,0.9,3.2,4.1,1.4,0.5,0.6,0.8,1.7,7.1
Goran Dragic,PG,34,MIA,17,6,26.5,5.2,11.5,0.456,1.6,4.6,0.359,3.6,6.9,0.521,0.528,2.2,2.8,0.809,0.4,2.6,3.1,5.3,0.5,0.1,3,2.6,14.4
Andre Drummond,C,27,CLE,25,25,28.9,7.2,15.2,0.474,0,0.3,0,7.2,14.9,0.484,0.474,3.1,5.2,0.597,4,9.4,13.5,2.6,1.6,1.2,3.2,2.8,17.5
Jared Dudley,PF,35,LAL,6,0,3.7,0.2,0.2,1,0.2,0.2,1,0,0,0,1.5,0,0,0,0.2,0.8,1,0.2,0,0,0,0,0.5
Kevin Durant,PF,32,BRK,19,18,35.7,9.9,18.9,0.524,2.6,5.9,0.434,7.3,12.9,0.565,0.592,6.6,7.6,0.869,0.4,6.9,7.3,5.3,0.7,1.4,3.5,2.3,29
Anthony Edwards,SG,19,MIN,29,12,28.2,5.4,14.2,0.383,1.8,5.7,0.319,3.6,8.5,0.427,0.448,1.9,2.3,0.806,0.6,3.1,3.7,2.4,0.7,0.3,1.6,1.5,14.6
Carsen Edwards,SG,22,BOS,13,1,10.3,1.8,4.2,0.436,0.8,2.3,0.333,1.1,1.9,0.56,0.527,0.5,0.7,0.778,0.2,0.8,1,0.4,0.3,0.1,0.2,1.2,5
CJ Elleby,SF,20,POR,12,0,8,1.2,2.4,0.483,0.4,1.5,0.278,0.8,0.9,0.818,0.569,0.5,0.8,0.667,0.3,0.7,1,0.3,0.3,0.3,0.3,1.3,3.3
Wayne Ellington,SG,33,DET,21,18,22.9,3.7,8,0.456,2.7,6.2,0.438,1,1.9,0.513,0.624,0.6,0.8,0.75,0.3,1.6,2,1.1,0.4,0.2,0.7,1.5,10.6
Joel Embiid,C,26,PHI,23,23,32.5,9.4,17.5,0.54,1.2,3,0.397,8.3,14.5,0.569,0.573,9.7,11.3,0.851,1.9,8.9,10.8,3.1,1.3,1.2,3.4,2.5,29.7
James Ennis,SF,30,ORL,20,19,21.9,2.6,5.2,0.495,0.9,1.9,0.447,1.7,3.3,0.523,0.578,1.3,1.6,0.839,1.2,2.6,3.8,1.4,1,0.3,1,2.2,7.3
Drew Eubanks,C,23,SAS,11,0,12.6,1.5,3.4,0.432,0,0,0,1.5,3.4,0.432,0.432,1.1,1.5,0.75,0.6,2.7,3.4,0.4,0.1,1.4,0.5,1.3,4
Dante Exum,SG,25,CLE,6,3,19.3,1.7,4.3,0.385,0.3,1.8,0.182,1.3,2.5,0.533,0.423,0.2,0.3,0.5,0.3,2.5,2.8,2.2,0.7,0.3,1.2,1.5,3.8
Tacko Fall,C,25,BOS,6,0,8.2,1.3,2,0.667,0,0,0,1.3,2,0.667,0.667,0.5,1.3,0.375,1.3,2.2,3.5,0,0,1.3,0.2,1.5,3.2
Derrick Favors,C,29,UTA,27,0,16.4,2.4,3.9,0.629,0,0,0,2.4,3.9,0.635,0.629,1.4,1.7,0.804,2.1,3.5,5.6,0.9,0.6,1.1,0.6,2.5,6.3
Cristiano Felico,C,28,CHI,6,0,6.3,0.5,0.7,0.75,0,0,0,0.5,0.7,0.75,0.75,0.8,1.3,0.625,1,1,2,0.8,0.3,0,0.5,0.5,1.8
Terrance Ferguson,SG,22,PHI,7,0,3.4,0,0.4,0,0,0.4,0,0,0,0,0,0,0,0,0,0.1,0.1,0.3,0,0,0.1,0.4,0
Bruno Fernando,C,22,ATL,15,0,8.8,0.6,1.5,0.409,0,0.1,0,0.6,1.3,0.45,0.409,0.6,1,0.6,0.8,2.7,3.5,0.6,0.1,0.1,0.8,1,1.8
Yogi Ferrell,PG,27,CLE,2,0,20,4,10.5,0.381,1.5,4.5,0.333,2.5,6,0.417,0.452,0,1,0,1.5,2,3.5,2.5,1.5,0.5,1.5,2,9.5
Dorian Finney-Smith,PF,27,DAL,19,19,30.7,3.3,7.4,0.45,1.9,5.1,0.381,1.4,2.3,0.605,0.582,0.5,0.6,0.833,1.5,3.3,4.8,1.2,1,0.4,0.6,2.7,9.1
Malachi Flynn,PG,22,TOR,13,0,8.2,0.8,3,0.282,0.4,1.8,0.217,0.5,1.2,0.375,0.346,0.2,0.3,0.5,0.1,0.6,0.7,1.2,0.3,0,0.3,0.8,2.2
Bryn Forbes,SG,27,MIL,28,5,18.4,3.5,7.2,0.48,2,4.3,0.471,1.4,2.9,0.494,0.621,0.5,0.7,0.7,0.2,1,1.1,0.5,0.3,0,0.7,1.2,9.5
Trent Forrest,PG,22,UTA,4,0,3.3,0,0.5,0,0,0.5,0,0,0,0,0,0.5,0.5,1,0,0.3,0.3,0.3,0.5,0,0,0.5,0.5
Evan Fournier,SF,28,ORL,15,15,28.7,5.8,12.9,0.451,2.3,6.2,0.366,3.5,6.7,0.53,0.539,4,5,0.8,0.3,2.3,2.5,3.6,1,0.4,2.1,2.3,17.9
De'Aaron Fox,PG,23,SAC,26,26,33.1,8.4,17.7,0.476,1.8,5.4,0.343,6.6,12.3,0.534,0.528,4.5,6.6,0.69,0.7,2.6,3.3,6.8,1.2,0.5,3.1,2.7,23.2
Tim Frazier,PG,30,MEM,3,0,11,0.7,2.7,0.25,0,0.7,0,0.7,2,0.333,0.25,0,0,0,0,1.3,1.3,2.3,0.3,0,1,1.3,1.3
Markelle Fultz,PG,22,ORL,8,8,26.9,5.1,13,0.394,0.5,2,0.25,4.6,11,0.42,0.413,2.1,2.4,0.895,0.6,2.5,3.1,5.4,1,0.3,2.3,2.3,12.9
Wenyen Gabriel,PF,23,NOP,3,0,3.3,0,1,0,0,0.3,0,0,0.7,0,0,0,0,0,0.3,1,1.3,0.3,0,0,0,0,0
Daniel Gafford,PF,22,CHI,23,11,14.3,2.1,3.2,0.671,0,0,0,2.1,3.2,0.671,0.671,1.1,1.6,0.676,1.4,1.9,3.3,0.7,0.5,1.3,0.8,2,5.3
Danilo Gallinari,PF,32,ATL,16,1,19.7,3,7.6,0.397,1.6,4.3,0.377,1.4,3.3,0.423,0.504,3.1,3.3,0.942,0.2,2.7,2.9,1.1,0.2,0.1,1.2,1.9,10.7
Langston Galloway,SG,29,PHO,22,0,11.1,1.5,3.3,0.466,0.9,1.9,0.476,0.6,1.4,0.452,0.603,0.7,0.7,1,0.2,0.9,1.1,0.7,0.2,0,0.3,0.6,4.7
Darius Garland,PG,21,CLE,21,18,32.3,6.4,14.2,0.452,1.7,4.1,0.407,4.8,10.1,0.469,0.51,1.3,1.5,0.903,0.5,1.8,2.2,5.3,1,0.1,2.5,2.4,15.9
Marc Gasol,C,36,LAL,29,29,20,1.4,3.4,0.4,0.7,2,0.351,0.7,1.5,0.465,0.5,0.8,0.9,0.88,0.8,3.4,4.2,1.8,0.4,1.2,0.8,2.4,4.2
Rudy Gay,PF,34,SAS,26,0,22,4.2,9.9,0.419,1.6,4.3,0.366,2.6,5.6,0.459,0.498,1.3,1.7,0.767,0.9,4.3,5.2,1.5,0.7,0.5,1.2,1.8,11.2
Paul George,SF,30,LAC,20,20,34,8.4,16.6,0.508,3.8,7.9,0.478,4.7,8.7,0.534,0.621,3.8,4.2,0.905,0.7,5.6,6.2,5.5,1.2,0.5,3.6,2.3,24.4
Taj Gibson,PF,35,NYK,8,0,13.6,1.3,2.5,0.5,0.1,0.6,0.2,1.1,1.9,0.6,0.525,0.4,0.8,0.5,1.4,1.8,3.1,0.5,0.3,0.4,0.3,1.9,3
Harry Giles,C,22,POR,22,0,11.8,1.2,2.8,0.419,0.1,0.4,0.375,1,2.5,0.426,0.444,0.6,0.8,0.722,1.1,3.8,4.9,0.9,0.2,0.4,0.7,2,3.1
Shai Gilgeous-Alexander,SG,22,OKC,22,22,33.7,7.9,15.6,0.503,1.9,4.9,0.383,6,10.8,0.557,0.563,5,6.3,0.784,0.7,4.7,5.4,6.5,0.8,0.6,2.9,2,22.5
Anthony Gill,PF,28,WAS,10,1,6.5,0.3,1,0.3,0.1,0.7,0.143,0.2,0.3,0.667,0.35,0.3,0.4,0.75,0.3,1.6,1.9,0.3,0.3,0.2,0.3,0.3,1
Rudy Gobert,C,28,UTA,29,29,30.3,5.4,8.5,0.64,0,0,0,5.4,8.5,0.642,0.64,3.3,5.8,0.581,3.5,9.9,13.4,1.3,0.4,2.7,1.6,2.2,14.2
Brandon Goodwin,PG,25,ATL,22,0,12.7,1.5,4.6,0.324,0.6,2.4,0.269,0.9,2.3,0.38,0.392,0.8,1.1,0.708,0.1,1.1,1.2,2,0.5,0,0.5,1,4.4
Aaron Gordon,PF,25,ORL,19,19,29.1,4.8,11.2,0.427,1.6,4.4,0.369,3.2,6.8,0.465,0.5,2.6,4.2,0.613,1.7,5.5,7.2,4.2,0.7,0.8,2.8,2,13.8
Eric Gordon,SG,32,HOU,22,10,29.4,6.2,13.5,0.463,2.7,7.8,0.351,3.5,5.7,0.616,0.564,3.5,4.2,0.848,0.3,1.9,2.2,2.7,0.5,0.5,1.9,1.5,18.7
Devonte' Graham,PG,25,CHO,25,25,32.8,4.4,12.4,0.352,2.8,8.1,0.347,1.6,4.3,0.361,0.465,2.2,2.8,0.775,0.6,2.4,3,5.7,1,0,1.4,1.5,13.7
Jerami Grant,SF,26,DET,28,28,36.3,7.9,17.8,0.443,2.6,6.6,0.387,5.3,11.2,0.476,0.515,5.4,6.1,0.883,0.8,4.4,5.3,2.9,0.8,1.2,1.7,2.8,23.8
Danny Green,SF,33,PHI,29,29,28.4,3.1,7.7,0.401,2.2,5.8,0.375,0.9,1.9,0.481,0.543,0.3,0.5,0.714,1,2.7,3.7,1.7,1.1,0.7,1.4,1.7,8.7
Draymond Green,PF,30,GSW,24,24,29,2,5.4,0.362,0.3,1.8,0.186,1.6,3.6,0.448,0.392,1,1.4,0.676,0.6,5,5.6,8.3,1.4,0.6,2.6,3.1,5.2
JaMychal Green,PF,30,DEN,24,3,21.3,3.3,7.5,0.441,1.7,4,0.427,1.6,3.5,0.458,0.556,1.1,1.3,0.844,1.7,4.5,6.3,1,0.6,0.3,1.1,2.8,9.4
Javonte Green,SG,27,BOS,18,1,15.3,1.7,3.4,0.5,0.4,1.2,0.333,1.3,2.3,0.585,0.556,1.1,1.6,0.69,0.9,1.6,2.5,0.4,0.9,0.1,0.6,1.2,4.9
Jeff Green,PF,34,BRK,30,13,26,3.5,6.9,0.505,1.6,3.7,0.427,1.9,3.2,0.594,0.619,1.2,1.5,0.822,0.5,3.3,3.7,1.4,0.7,0.3,0.8,2,9.7
Josh Green,SG,20,DAL,17,5,12.5,1,2.1,0.472,0.1,0.7,0.167,0.9,1.4,0.625,0.5,0.4,0.6,0.545,0.7,1.6,2.3,0.6,0.2,0.1,0.6,0.9,2.5
Blake Griffin,PF,31,DET,20,20,31.3,4.1,11.1,0.365,2,6.2,0.315,2.1,4.9,0.429,0.453,2.2,3.1,0.71,0.4,4.9,5.2,3.9,0.7,0.1,1.6,2.1,12.3
Kyle Guy,PG,23,SAC,10,0,7.9,0.9,3.2,0.281,0.4,1.6,0.25,0.5,1.6,0.313,0.344,0.7,0.8,0.875,0.3,0.9,1.2,1.3,0.4,0,0.1,0.5,2.9
Rui Hachimura,PF,22,WAS,19,19,29.2,4.7,10.3,0.454,0.8,2.6,0.3,3.9,7.7,0.507,0.492,3.1,3.9,0.784,1.2,4.3,5.4,2,0.6,0.1,1,2.1,13.2
Ashton Hagans,PG,21,MIN,2,0,2,0,0,0,0,0,0,0,0,0,0,0,0,0,0,0,0,0,0,0,0.5,0,0
Tyrese Haliburton,PG,20,SAC,25,2,29.4,4.8,9.6,0.498,2.3,5.2,0.443,2.4,4.3,0.565,0.619,0.6,0.7,0.824,1,2.6,3.6,5.2,1.2,0.6,1.6,1.2,12.4
Josh Hall,SF,20,OKC,7,0,7.3,0.6,2.6,0.222,0.1,1.1,0.125,0.4,1.4,0.3,0.25,0.4,1,0.429,0.1,1.1,1.3,1,0,0,0.6,1,1.7
R.J. Hampton,PG,19,DEN,21,0,8.6,0.9,2.2,0.404,0.2,0.8,0.313,0.7,1.5,0.452,0.457,0.2,0.3,0.667,0.4,1.5,1.9,0.5,0.2,0.1,0.5,0.8,2.2
Tim Hardaway Jr.,SG,28,DAL,27,17,30.6,5.9,13.3,0.439,3.1,7.8,0.393,2.8,5.5,0.503,0.554,1.9,2.4,0.785,0.2,3,3.2,1.6,0.7,0.1,0.9,1.6,16.7
James Harden,SG,31,TOT,24,24,37.6,7.6,15.8,0.482,3,7.9,0.384,4.6,7.9,0.579,0.578,6.2,6.9,0.897,0.8,6.5,7.3,11.3,1,0.8,4.3,2.3,24.5
James Harden,SG,31,HOU,8,8,36.3,7.5,16.9,0.444,3.1,9,0.347,4.4,7.9,0.556,0.537,6.6,7.5,0.883,0.6,4.5,5.1,10.4,0.9,0.8,4.3,1.8,24.8
James Harden,SG,31,BRK,16,16,38.3,7.7,15.3,0.502,3,7.4,0.407,4.7,7.9,0.591,0.6,5.9,6.6,0.905,0.8,7.6,8.4,11.8,1.1,0.8,4.3,2.6,24.3
Maurice Harkless,SF,27,MIA,10,3,10.9,0.4,1,0.4,0.4,0.8,0.5,0,0.2,0,0.6,0,0.2,0,0.1,0.8,0.9,0.7,0.2,0.3,0.2,1.2,1.2
Jared Harper,PG,23,NYK,2,0,2.5,0,0.5,0,0,0,0,0,0.5,0,0,1,1,1,0,0,0,0,0,0,1,0,1
Montrezl Harrell,C,27,LAL,29,0,24.6,5.3,8.3,0.646,0,0.1,0,5.3,8.1,0.657,0.646,2.6,3.6,0.738,2.3,4,6.3,1.1,0.7,0.7,1.3,2.2,13.3
Gary Harris,SG,26,DEN,19,19,30.6,3.6,8.2,0.442,1.3,3.9,0.32,2.4,4.3,0.556,0.519,1.2,1.6,0.733,0.7,1.8,2.5,1.7,0.9,0.2,0.7,1.9,9.7
Jalen Harris,SG,22,TOR,2,0,2,0,0,0,0,0,0,0,0,0,0,0,0,0,0.5,0,0.5,0,0,0,0.5,1,0
Joe Harris,SF,29,BRK,30,26,30.9,5.5,10.5,0.529,3.3,6.6,0.495,2.3,3.9,0.586,0.685,0.5,0.8,0.696,0.6,2.9,3.5,1.9,0.5,0.2,0.8,2.4,14.9
Tobias Harris,PF,28,PHI,26,26,34.5,8,15.4,0.518,1.8,4.2,0.426,6.2,11.2,0.551,0.575,3.1,3.5,0.9,1.3,6.5,7.7,3.1,0.8,0.8,2,2.1,20.8
Shaquille Harrison,SG,27,UTA,16,0,3.4,0.4,1.2,0.316,0,0.1,0,0.4,1.1,0.333,0.316,0.3,0.4,0.833,0.2,0.4,0.6,0.5,0.1,0,0.3,0.2,1.1
Josh Hart,SF,25,NOP,28,2,28,3.1,7,0.451,1.4,4.1,0.348,1.7,2.9,0.6,0.554,1.1,1.6,0.711,1,6.4,7.5,2.1,0.8,0.2,0.8,2.2,8.9
Isaiah Hartenstein,C,22,DEN,18,0,8.7,1.7,3.1,0.545,0,0,0,1.7,3.1,0.545,0.545,0.9,1.5,0.593,1.4,1.4,2.8,0.6,0.4,0.7,0.8,2.2,4.2
Jaxson Hayes,C,20,NOP,21,1,11.7,1.7,2.6,0.636,0,0,0,1.7,2.6,0.636,0.636,0.9,1.2,0.692,1.2,2.4,3.6,0.4,0.3,0.3,0.6,1.8,4.2
Killian Hayes,PG,19,DET,7,7,21.1,1.9,6.7,0.277,0.7,2.9,0.25,1.1,3.9,0.296,0.33,0.1,0.3,0.5,0.1,1,1.1,3.6,0.3,0,2.4,2.1,4.6
Gordon Hayward,SF,30,CHO,26,26,35.5,8.1,16.6,0.486,2.2,5.2,0.422,5.9,11.4,0.515,0.552,3.9,4.5,0.864,0.9,4.5,5.5,3.8,1.1,0.4,2.1,1.9,22.3
Juan Hernangomez,PF,25,MIN,13,6,18.6,2.3,5.8,0.4,1.1,3.4,0.318,1.2,2.4,0.516,0.493,0.7,1.1,0.643,1,4,5,0.5,0.4,0.2,0.5,0.9,6.4
Willy Hernangomez,C,26,NOP,13,0,17.1,2.8,5.1,0.545,0.1,0.4,0.2,2.7,4.7,0.574,0.553,1.2,1.8,0.652,2.6,3.8,6.5,1.2,0.5,0.4,0.4,1.1,6.8
Tyler Herro,SG,21,MIA,20,14,34.4,6.5,14.8,0.437,2.1,6.2,0.339,4.4,8.6,0.509,0.508,2,2.5,0.78,0.5,5.9,6.3,3.9,0.5,0.5,2.6,1.7,17
Buddy Hield,SG,28,SAC,27,27,34.8,5.3,14.1,0.377,3.9,10.4,0.377,1.4,3.7,0.376,0.516,1.5,1.7,0.872,0.4,4.4,4.8,3,0.9,0.3,2,2.7,16.1
George Hill,PG,34,OKC,14,14,26.4,4.4,8.6,0.508,1.6,4.1,0.386,2.8,4.5,0.619,0.6,1.5,1.8,0.84,0.6,1.5,2.1,3.1,0.9,0.1,0.9,0.9,11.8
Solomon Hill,PF,29,ATL,28,1,19,1.5,4.3,0.358,1,3.2,0.322,0.5,1.1,0.467,0.479,0.3,0.4,0.8,0.4,1.9,2.3,0.9,0.6,0.2,0.5,1.6,4.4
Nate Hinton,SG,21,DAL,6,0,3.2,0.5,2.2,0.231,0.2,0.8,0.2,0.3,1.3,0.25,0.269,0.2,0.3,0.5,0,0,0,0,0.2,0.2,0.3,0.2,1.3
Aaron Holiday,PG,24,IND,29,6,19.9,2.8,7.6,0.37,1.1,3.2,0.333,1.7,4.3,0.397,0.441,0.8,1,0.759,0.2,1.1,1.3,1.8,0.5,0.1,0.8,1.7,7.4
Jrue Holiday,PG,30,MIL,23,23,32.5,6.5,13,0.502,1.9,4.8,0.387,4.7,8.2,0.569,0.574,1.5,1.9,0.791,1.3,3.5,4.8,5.4,1.9,0.6,1.6,1.7,16.4
Justin Holiday,SG,31,IND,29,20,32.2,4,8.5,0.466,2.4,5.8,0.419,1.6,2.8,0.563,0.607,1.2,1.5,0.791,0.7,3.5,4.2,1.7,1.2,0.3,0.7,2.3,11.5
Richaun Holmes,C,27,SAC,25,25,29.6,5.4,8.4,0.648,0,0.2,0.2,5.4,8.2,0.659,0.65,1.8,2.3,0.793,2.5,5.2,7.7,1.8,0.7,1.6,1.5,4.1,12.8
Rodney Hood,SF,28,POR,23,5,19,2.1,5.7,0.366,0.6,2,0.298,1.5,3.7,0.405,0.42,0.2,0.3,0.667,0.2,1.5,1.7,1.2,0.7,0.1,0.8,1.4,5
Al Horford,C,34,OKC,19,19,28.2,5.9,13,0.453,2.2,5.5,0.39,3.7,7.5,0.5,0.536,0.7,0.9,0.778,0.8,6.1,6.9,3.6,0.9,0.8,1.3,1.7,14.7
Talen Horton-Tucker,SG,20,LAL,25,0,16.5,2.7,6,0.447,0.5,1.7,0.279,2.2,4.3,0.514,0.487,0.9,1.1,0.821,0.4,2,2.4,1.8,0.8,0.5,1.2,1.9,6.8
Danuel House,SF,27,HOU,17,7,27.9,3.1,8.2,0.374,1.4,4.9,0.286,1.6,3.2,0.509,0.46,1.4,1.8,0.767,0.6,3.1,3.6,2.1,0.8,0.5,0.9,1.8,8.9
Dwight Howard,C,35,PHI,29,4,16.7,2.1,3.8,0.555,0.1,0.3,0.375,2,3.5,0.569,0.568,1.6,3,0.523,2.7,5,7.7,0.7,0.4,0.9,1.9,3.1,5.9
Markus Howard,SG,21,DEN,14,0,3.4,0.4,2.1,0.207,0.2,1.5,0.143,0.2,0.6,0.375,0.259,0,0,0,0,0.4,0.4,0.4,0.1,0,0.3,0.4,1.1
Kevin Huerter,SG,22,ATL,28,17,31.8,4.5,10.7,0.423,2.2,5.8,0.385,2.3,5,0.468,0.527,0.7,0.9,0.792,0.7,2.9,3.6,3.8,1.2,0.2,1.3,2.3,12
Elijah Hughes,SF,22,UTA,6,0,4.5,0.8,2.5,0.333,0.5,1.7,0.3,0.3,0.8,0.4,0.433,0.5,0.7,0.75,0,0.7,0.7,0.5,0.2,0.2,0.7,0,2.7
De'Andre Hunter,SF,23,ATL,18,18,32.2,6,11.7,0.514,1.7,4.6,0.366,4.3,7.1,0.609,0.586,3.6,4.1,0.877,0.9,4.5,5.4,2.2,0.9,0.5,1.4,2.6,17.2
Chandler Hutchison,SF,24,CHI,7,0,9.1,0.7,2.6,0.278,0.1,0.4,0.333,0.6,2.1,0.267,0.306,0.3,0.3,1,0.1,2.7,2.9,0.6,0.1,0,0.7,1.3,1.9
Serge Ibaka,C,31,LAC,29,29,24.2,4.8,9.2,0.515,1,2.7,0.377,3.8,6.6,0.571,0.569,1.2,1.5,0.818,1.9,4.8,6.7,1.7,0.2,1.2,1.3,1.9,11.8
Andre Iguodala,SF,37,MIA,26,2,21.2,1.6,4.3,0.369,1,3.3,0.318,0.5,1,0.538,0.491,0.2,0.4,0.455,0.5,3.1,3.6,2.3,1,0.5,1,1.5,4.4
Joe Ingles,SF,33,UTA,25,8,26.6,4.1,7.9,0.518,2.4,5.3,0.451,1.7,2.6,0.656,0.67,1.2,1.4,0.882,0.4,3,3.5,4.7,0.4,0.2,1.6,1.7,11.8
Brandon Ingram,SF,23,NOP,28,28,34.8,8.2,17.5,0.466,2.5,6.3,0.4,5.7,11.3,0.503,0.538,4.7,5.4,0.874,0.6,4.8,5.4,4.8,0.6,0.9,2.5,1.8,23.6
Kyrie Irving,PG,28,BRK,20,20,35.4,10.7,20,0.534,3.1,6.9,0.442,7.6,13.1,0.582,0.61,3.9,4.3,0.918,0.9,3.7,4.6,5.7,1.1,0.8,2.4,3,28.3
Wesley Iwundu,SF,26,DAL,17,3,13.6,0.8,2.7,0.283,0.2,1.4,0.13,0.6,1.4,0.435,0.315,0.5,0.6,0.8,0.3,1.6,1.9,0.5,0.4,0.1,0.2,1.2,2.2
Frank Jackson,PG,22,DET,7,0,5.6,0.6,2.3,0.25,0.4,1.4,0.3,0.1,0.9,0.167,0.344,0,0,0,0,0.7,0.7,1.1,0.1,0,0.6,0.6,1.6
Josh Jackson,SG,23,DET,26,6,24.1,4.5,10.5,0.427,1.4,4.4,0.322,3.1,6.1,0.503,0.495,2.3,3.4,0.685,0.7,3.3,4,1.9,1,0.9,2.4,3,12.8
Justin Jackson,SF,25,OKC,18,2,18,2.9,6.4,0.457,1.2,3.3,0.356,1.8,3.2,0.561,0.547,0.8,1,0.778,0.4,1.9,2.4,1.8,0.4,0.1,1,1.2,7.8
Reggie Jackson,SG,30,LAC,27,14,20.8,3.1,7.4,0.427,1.2,3.4,0.348,2,4,0.495,0.508,1.1,1.4,0.744,0.3,2.4,2.7,3.3,0.7,0.1,1,1.9,8.6
Justin James,SF,24,SAC,8,0,6.3,0.8,1.9,0.4,0,0.5,0,0.8,1.4,0.545,0.4,0.1,0.9,0.143,0.3,0.6,0.9,0.4,0.1,0.1,0,0.1,1.6
LeBron James,PG,36,LAL,29,29,34.7,9.4,18.8,0.504,2.5,6.7,0.378,6.9,12.1,0.573,0.571,4.2,6,0.711,0.6,7.6,8.2,7.9,1,0.5,3.7,1.6,25.7
DaQuan Jeffries,SG,23,SAC,3,1,13.7,1,4,0.25,0,2,0,1,2,0.5,0.25,0,0,0,0.7,1.3,2,0.7,1,0.7,0.7,1,2
Isaiah Joe,SG,21,PHI,16,1,13.3,1.7,4.4,0.38,1.3,3.5,0.375,0.4,0.9,0.4,0.528,0.3,0.3,1,0.3,0.9,1.2,0.9,0.4,0.3,0.3,1.3,5
Cameron Johnson,PF,24,PHO,27,9,25.4,3.8,8.6,0.438,2.2,5.9,0.369,1.6,2.7,0.589,0.564,1,1.1,0.871,0.6,3,3.6,1.5,0.6,0.3,0.8,1.3,10.7
James Johnson,PF,33,DAL,23,0,18.4,2.6,5.3,0.488,0.6,2.2,0.28,2,3.2,0.63,0.545,0.6,1,0.542,0.5,2.6,3.1,1.6,0.9,0.8,1.1,2.1,6.4
Keldon Johnson,SF,21,SAS,27,27,30.1,5.3,11.4,0.468,1,3,0.325,4.4,8.4,0.518,0.51,2.9,3.7,0.778,1.7,5.2,7,2.3,0.8,0.5,1.5,2.3,14.5
Stanley Johnson,PF,24,TOR,25,1,14.7,1,2.5,0.403,0.6,1.5,0.405,0.4,1,0.4,0.524,0.4,0.6,0.786,0.6,2,2.5,1.4,0.8,0.3,0.7,1.7,3
Tyler Johnson,SG,28,BRK,13,1,12.2,1.6,3.6,0.447,1.2,2.5,0.469,0.5,1.2,0.4,0.606,0.2,0.2,1,0.2,1,1.2,0.8,0.3,0,0.3,0.6,4.5
Nikola JokiÄ‡,C,25,DEN,28,28,35.9,10.5,18.4,0.57,1.5,3.8,0.402,9,14.6,0.614,0.611,4.8,5.5,0.871,3,8.2,11.1,8.6,1.6,0.6,3.4,3.1,27.4
Damian Jones,C,25,PHO,11,0,7.1,0.4,0.9,0.4,0,0.1,0,0.4,0.8,0.444,0.4,0.5,0.8,0.556,0.6,0.8,1.5,0,0.1,0.5,0.5,1.6,1.2
Derrick Jones Jr.,SF,23,POR,24,23,27.1,2.8,6,0.476,0.7,2.6,0.274,2.1,3.4,0.63,0.535,1.3,2,0.612,1.8,2.9,4.7,0.7,0.8,0.9,0.7,2.6,7.6
Mason Jones,SG,22,HOU,18,1,11.2,1.8,4,0.458,0.9,2.3,0.415,0.9,1.7,0.516,0.576,0.9,1.7,0.548,0.2,1.8,2,1.3,0.3,0,1.2,1,5.6
Tre Jones,PG,21,SAS,9,0,3,0.7,1.3,0.5,0.1,0.1,1,0.6,1.2,0.455,0.542,0.6,0.6,1,0.4,0,0.4,0.1,0,0,0.2,0.2,2
Tyus Jones,PG,24,MEM,24,8,23.5,3.3,8,0.406,0.7,2.8,0.25,2.5,5.2,0.492,0.451,0.5,0.6,0.8,0.6,2.1,2.8,5.3,1.3,0.1,1,0.5,7.7
DeAndre Jordan,C,32,BRK,28,22,21.6,3.2,4,0.788,0,0,0,3.2,4,0.788,0.788,0.8,1.5,0.548,1.8,5.3,7,1.9,0.3,1.4,1.7,2.1,7.2
Cory Joseph,PG,29,SAC,27,1,19.8,2.7,5.7,0.471,0.7,2,0.327,2,3.7,0.55,0.529,0.7,1,0.741,0.4,1.7,2.1,2.4,0.8,0.2,1.1,2.2,6.8
Mfiondu Kabengele,PF,23,LAC,17,0,4.1,0.4,1.4,0.261,0.1,0.7,0.167,0.2,0.6,0.364,0.304,0.2,0.2,0.75,0.1,0.6,0.6,0.2,0.1,0.1,0.3,0.8,1
Frank Kaminsky,C,27,PHO,20,6,15.8,2.6,5.8,0.452,0.8,2,0.385,1.9,3.8,0.487,0.517,0.7,1.2,0.609,1,3.5,4.5,2,0.2,0.5,0.5,1.6,6.7
Enes Kanter,C,28,POR,28,16,25.1,4.9,8.4,0.581,0,0,0,4.9,8.4,0.581,0.581,1.8,2.3,0.754,4.1,7,11.1,1.1,0.5,0.8,1.2,2.5,11.5
Luke Kennard,SG,24,LAC,29,7,22,3,6.5,0.463,1.6,3.6,0.442,1.4,2.9,0.488,0.585,0.4,0.5,0.867,0.3,2.6,2.9,1.8,0.3,0.2,0.9,1.6,8
Maxi Kleber,PF,29,DAL,17,11,25.6,2.2,5.1,0.43,1.7,3.8,0.453,0.5,1.3,0.364,0.599,1,1.1,0.944,0.9,4.4,5.4,1.5,0.4,0.8,0.6,2.4,7.1
Nathan Knight,PF,23,ATL,9,0,6,1,2.4,0.409,0.3,1,0.333,0.7,1.4,0.462,0.477,0.8,0.9,0.875,0.9,0.7,1.6,0.1,0.2,0.3,0.4,0.8,3.1
Kevin Knox,SF,21,NYK,23,0,16.2,1.9,4.9,0.389,1.1,2.9,0.379,0.8,2,0.404,0.5,0.4,0.5,0.833,0.4,1.7,2.1,0.7,0.3,0.3,0.7,1.4,5.3
John Konchar,SG,24,MEM,16,0,16.5,1.5,3.5,0.429,0.4,1.4,0.318,1.1,2.1,0.5,0.491,0.9,1,0.938,1,2.8,3.8,1.1,1.1,0.3,0.5,1.4,4.4
Furkan Korkmaz,SG,23,PHI,18,1,19.5,2.7,7.2,0.377,1.3,4.2,0.32,1.4,3.1,0.455,0.469,0.8,0.9,0.875,0.2,2.3,2.6,0.8,0.7,0.1,0.9,1.1,7.6
Luke Kornet,PF,25,CHI,6,0,7.2,0.5,2.3,0.214,0.2,1.8,0.091,0.3,0.5,0.667,0.25,0.3,0.3,1,0,1.5,1.5,0.3,0.3,0.2,0.2,0.2,1.5
Rodions Kurucs,SF-PF,22,TOT,14,0,5.2,0.4,1.4,0.3,0.2,1,0.214,0.2,0.4,0.5,0.375,0.1,0.1,0.5,0.1,0.7,0.9,0.3,0.4,0.1,0.5,0.6,1.1
Rodions Kurucs,PF,22,BRK,5,0,3.2,0.2,0.6,0.333,0.2,0.4,0.5,0,0.2,0,0.5,0,0,0,0,0.6,0.6,0.4,0,0,0,0.2,0.6
Rodions Kurucs,SF,22,HOU,9,0,6.3,0.6,1.9,0.294,0.2,1.3,0.167,0.3,0.6,0.6,0.353,0.1,0.2,0.5,0.2,0.8,1,0.2,0.6,0.2,0.8,0.8,1.4
Kyle Kuzma,SF,25,LAL,29,7,25,4.3,9.5,0.453,1.7,4.6,0.361,2.7,4.9,0.538,0.54,0.6,0.9,0.615,1.8,4.2,6,1.1,0.3,0.7,1.3,1.6,10.8
Jeremy Lamb,SG,28,IND,16,8,25.1,4.1,8.1,0.508,1.9,3.9,0.5,2.2,4.3,0.515,0.627,2.3,2.4,0.923,0.9,3.4,4.3,1.6,0.9,0.5,0.9,2.1,12.4
Zach LaVine,SG,25,CHI,27,27,35.6,10.2,19.6,0.52,3.6,8.2,0.437,6.6,11.4,0.58,0.612,4.5,5.3,0.847,0.8,4.7,5.5,5.2,1.1,0.4,3.9,2.6,28.5
Jake Layman,SF,26,MIN,19,3,15.4,2.4,4.8,0.489,0.6,1.9,0.297,1.8,2.9,0.618,0.549,0.9,1.2,0.783,0.3,1.2,1.5,0.5,0.9,0.5,0.5,1.2,6.3
Jalen Lecque,PG,20,IND,3,0,3,0.3,1.3,0.25,0,0.3,0,0.3,1,0.333,0.25,1,1,1,0.3,1,1.3,0.7,0,0,0,0,1.7
Damion Lee,SG,28,GSW,29,0,19.3,2.1,4.8,0.432,1.4,3.8,0.373,0.7,1,0.655,0.579,0.7,0.8,0.909,0.4,2.9,3.3,1.5,0.6,0.1,0.4,1.7,6.2
Saben Lee,PG,21,DET,8,0,8.8,0.6,1.8,0.357,0,0.1,0,0.6,1.6,0.385,0.357,1,1.3,0.8,0.1,0.3,0.4,1,0.5,0.1,0.6,1.1,2.3
Alex Len,C,27,TOT,20,6,14.6,2.4,3.8,0.627,0.3,1,0.316,2.1,2.8,0.732,0.667,1,1.7,0.588,0.8,2.8,3.5,1.1,0.4,1.1,1.2,1.9,6
Alex Len,C,27,TOR,7,2,10.9,0.7,1.4,0.5,0.4,0.9,0.5,0.3,0.6,0.5,0.65,0.4,0.9,0.5,0,1.6,1.6,0.4,0.1,0.9,1.1,1.4,2.3
Alex Len,C,27,WAS,13,4,16.6,3.2,5,0.646,0.2,1,0.231,3,4,0.75,0.669,1.3,2.2,0.607,1.2,3.4,4.5,1.4,0.5,1.2,1.2,2.2,8
Kawhi Leonard,SF,29,LAC,23,23,34.4,9.7,19,0.513,1.9,4.9,0.389,7.8,14.1,0.556,0.563,5.3,6.1,0.879,0.8,5,5.9,5,1.8,0.6,1.8,1.5,26.7
Meyers Leonard,C,28,MIA,3,2,9.7,1,2.3,0.429,1,2.3,0.429,0,0,0,0.643,0.3,0.7,0.5,0,2.3,2.3,0.7,0,0,0.7,1.7,3.3
Caris LeVert,SG,26,BRK,12,4,27.8,7.3,16.7,0.435,1.8,5.3,0.349,5.4,11.4,0.474,0.49,2.2,2.8,0.765,0.8,3.5,4.3,6,1.1,0.5,2.2,1.7,18.5
Kira Lewis Jr.,PG,19,NOP,17,0,13.1,2.1,5.1,0.402,0.6,1.7,0.379,1.4,3.4,0.414,0.466,0.8,1.2,0.65,0.1,0.8,0.9,1.8,0.6,0.1,0.5,1,5.5
Damian Lillard,PG,30,POR,27,27,35.9,9.2,20.4,0.451,4.1,10.8,0.384,5.1,9.6,0.527,0.553,7.2,7.7,0.933,0.5,3.9,4.4,7.7,1.1,0.3,3.1,1.6,29.8
Nassir Little,PF,20,POR,13,2,10.8,1.7,3.1,0.55,0.8,1.4,0.611,0.8,1.7,0.5,0.688,0.6,0.7,0.889,0.8,1.2,2,0.2,0.2,0.3,0.5,0.8,4.8
Kevon Looney,C,24,GSW,21,5,14.7,1.6,2.5,0.623,0.1,0.2,0.4,1.5,2.3,0.646,0.642,0.4,0.6,0.692,1.5,2.6,4.1,1.8,0.3,0.3,0.7,1.8,3.7
Brook Lopez,C,32,MIL,28,28,27.1,3.9,8.5,0.46,1.6,4.6,0.359,2.3,3.9,0.578,0.557,1.3,1.6,0.841,1.5,3.6,5.1,0.6,0.5,1.3,0.8,1.9,10.8
Robin Lopez,C,32,WAS,26,9,19.4,3.1,5.3,0.591,0.2,0.5,0.333,3,4.8,0.616,0.606,1.6,2.3,0.672,2.2,2,4.2,1,0.2,0.5,1,1.9,8
Kevin Love,PF,32,CLE,2,2,23,3,9,0.333,1.5,4.5,0.333,1.5,4.5,0.333,0.417,2,2.5,0.8,1,5,6,2.5,0.5,0,1.5,0.5,9.5
Kyle Lowry,PG,34,TOR,25,25,34.4,6,13.2,0.452,2.8,7.1,0.388,3.2,6.1,0.526,0.556,3,3.5,0.874,0.8,4.6,5.4,6.4,1.2,0.2,2.9,3.2,17.7
Timothe Luwawu-Cabarrot,SF,25,BRK,30,5,19.7,2.6,6.4,0.404,1.5,4.1,0.366,1.1,2.3,0.471,0.521,0.6,0.8,0.75,0.6,1.8,2.4,1.3,0.6,0.2,0.7,1.6,7.3
Trey Lyles,PF,25,SAS,14,2,11.8,1.3,2.6,0.5,0.3,1.1,0.267,1,1.5,0.667,0.556,0.6,1.1,0.6,0.5,2.6,3.1,0.5,0,0,0,0.4,3.5
Thon Maker,C,23,CLE,8,0,9.5,1.3,2.3,0.556,0,0.3,0,1.3,2,0.625,0.556,1.3,1.4,0.909,1,1.3,2.3,0.5,0.3,0.5,0.4,0.9,3.8
Theo Maledon,PG,19,OKC,23,8,23.4,2.8,7,0.4,1.5,3.9,0.378,1.3,3,0.429,0.506,0.7,1,0.708,0.2,2.5,2.7,2.8,1,0,1.8,2.2,7.8
Karim Mane,PG,20,ORL,6,0,9.3,0.2,1.5,0.111,0.2,0.3,0.5,0,1.2,0,0.167,0.7,0.7,1,0,1.7,1.7,0.2,0,0.2,0.5,0.5,1.2
Terance Mann,SG,24,LAC,27,3,15.1,1.6,3.5,0.457,0.2,0.9,0.25,1.4,2.6,0.529,0.489,0.9,1.2,0.75,0.9,2.4,3.3,1.1,0.5,0.2,0.7,1.5,4.3
Nico Mannion,PG,19,GSW,6,0,6,0.5,2.2,0.231,0.3,1.5,0.222,0.2,0.7,0.25,0.308,0.2,0.7,0.25,0,1.3,1.3,2,0.3,0,0.3,0.8,1.5
Boban Marjanovic,C,32,DAL,15,0,7.2,1.9,3.6,0.519,0,0.2,0,1.9,3.4,0.549,0.519,0.6,0.9,0.692,1.3,2,3.3,0.1,0,0,0.2,0.8,4.3
Lauri Markkanen,PF,23,CHI,14,14,30.4,6.8,13.2,0.514,2.9,7.2,0.396,3.9,6,0.655,0.622,2.7,3.2,0.844,0.6,5.5,6.1,0.9,0.6,0.4,1.7,2.2,19.1
Naji Marshall,SF,23,NOP,3,0,2.7,0,0.7,0,0,0.3,0,0,0.3,0,0,0.3,0.7,0.5,0,0.7,0.7,0.3,0,0,0,0,0.3
Caleb Martin,SF,25,CHO,23,1,15.8,2.2,5.2,0.42,0.7,2.2,0.3,1.5,3,0.507,0.483,0.6,1.1,0.56,0.8,2,2.8,1.3,0.9,0.3,0.7,1.1,5.6
Cody Martin,SF,25,CHO,17,0,9.4,1.2,2.2,0.526,0.2,0.8,0.231,1,1.5,0.68,0.566,0.5,0.6,0.8,0.6,1.4,2,0.9,0.4,0,0.5,0.5,3
Kelan Martin,SF,25,IND,11,0,3.9,0.5,1.6,0.333,0.2,0.7,0.25,0.4,0.9,0.4,0.389,0,0,0,0.1,0.9,1,0,0.2,0,0.4,0.4,1.3
Kenyon Martin Jr.,SF,20,HOU,7,0,9.9,1.4,3.9,0.37,0.1,0.6,0.25,1.3,3.3,0.391,0.389,0.3,0.7,0.4,1.1,1.6,2.7,0.6,0.3,0.7,0.7,1.3,3.3
Frank Mason III,G,26,ORL,4,1,19.8,2.3,6,0.375,0.5,1.3,0.4,1.8,4.8,0.368,0.417,1.3,1.8,0.714,0.8,2.3,3,3,0,0,1.3,1.8,6.3
Garrison Mathews,SG,24,WAS,20,4,16.1,1.9,4.8,0.389,1.5,3.8,0.382,0.4,1,0.421,0.542,1.9,2.1,0.902,0.4,1.1,1.5,0.5,0.9,0.2,0.2,1.6,7
Dakota Mathias,SG,25,PHI,8,2,15.4,2.4,6,0.396,1,3.3,0.308,1.4,2.8,0.5,0.479,0.3,0.8,0.333,0.1,0.8,0.9,1.6,0.1,0.4,0.1,0.9,6
Wesley Matthews,SG,34,LAL,22,1,20.4,1.6,4.1,0.4,1.3,3.3,0.384,0.4,0.8,0.471,0.556,0.5,0.7,0.8,0.4,1,1.4,1.1,0.5,0.4,0.4,1.5,5.1
Tyrese Maxey,SG,20,PHI,28,6,16.9,3.7,8.1,0.456,0.5,1.9,0.278,3.1,6.1,0.512,0.489,0.8,0.9,0.88,0.2,1.7,1.9,1.7,0.5,0.1,0.6,1.2,8.7
Skylar Mays,SG,23,ATL,10,0,6.8,1.2,2.7,0.444,0.5,1.2,0.417,0.7,1.5,0.467,0.537,0.9,1,0.9,0.3,0.5,0.8,0.7,0.2,0,0.1,0.3,3.8
CJ McCollum,SG,29,POR,13,13,33.8,9.5,20,0.473,4.8,11,0.441,4.6,9,0.513,0.594,2.9,3.5,0.844,0.5,3.4,3.9,5,1.3,0.3,1,2.2,26.7
T.J. McConnell,PG,28,IND,26,1,24,2.7,5.3,0.504,0.2,0.6,0.375,2.5,4.7,0.52,0.525,0.2,0.5,0.333,0.7,2.7,3.3,6.6,1.7,0.4,1.7,1.6,5.8
Jaden McDaniels,PF,20,MIN,23,1,18.7,2,5.1,0.398,1,2.7,0.381,1,2.4,0.418,0.5,0.3,0.7,0.4,0.7,2.7,3.3,1,0.3,1.1,0.8,2.5,5.4
Jalen McDaniels,SF,23,CHO,10,0,10.8,1.6,3.3,0.485,0.2,0.9,0.222,1.4,2.4,0.583,0.515,0.7,1.1,0.636,0.4,1.7,2.1,0.6,0.2,0,0.9,1.5,4.1
Doug McDermott,PF,29,IND,28,8,26.2,5.1,10.1,0.511,1.5,4.3,0.355,3.6,5.8,0.627,0.587,1.3,1.6,0.795,1,3.1,4.1,1.4,0.3,0.1,1.1,1.8,13.1
Sean McDermott,SF,24,MEM,6,0,15.3,1.2,2.5,0.467,0.7,1.8,0.364,0.5,0.7,0.75,0.6,0.7,0.7,1,0.5,0.8,1.3,0.5,0.2,0.2,0.5,0.7,3.7
JaVale McGee,C,33,CLE,20,1,15.7,3.1,6.8,0.459,0.3,0.8,0.313,2.9,6,0.479,0.478,1.3,2.2,0.591,1.7,3.9,5.6,1,0.5,1.2,1.3,2.5,7.8
Rodney McGruder,SG,29,DET,8,0,8,1.1,2.4,0.474,0.4,0.9,0.429,0.8,1.5,0.5,0.553,0.4,0.4,1,0.4,0.8,1.1,0.8,0,0.1,0.5,0.5,3
Alfonzo McKinnie,SF,28,LAL,14,0,3.1,0.7,1.1,0.625,0.2,0.4,0.6,0.5,0.8,0.636,0.719,0.1,0.3,0.5,0.4,0.4,0.9,0.1,0.1,0,0.1,0.3,1.8
Jordan McLaughlin,PG,24,MIN,17,0,18.2,2.2,5.5,0.394,0.5,1.4,0.375,1.6,4.1,0.4,0.441,0.4,0.5,0.778,0.5,1.7,2.2,4.6,1,0.2,1.2,0.8,5.3
Ben McLemore,SG,27,HOU,20,2,15.2,2.2,5.8,0.374,1.4,4.2,0.337,0.8,1.6,0.469,0.496,0.7,0.9,0.722,0.4,1.8,2.2,1,0.6,0.1,1.1,1.3,6.4
Nicolo Melli,PF,30,NOP,13,0,10.5,0.6,2.2,0.286,0.5,1.7,0.273,0.2,0.5,0.333,0.393,0.3,0.4,0.8,0.2,1.9,2.1,0.9,0.5,0.1,0.5,1.2,2
De'Anthony Melton,PG,22,MEM,12,0,21.5,4,8.3,0.48,1.6,3.6,0.442,2.4,4.8,0.509,0.575,0.4,0.7,0.625,0.3,2.7,3,3.2,0.9,1,1.4,2.1,10
Sam Merrill,SG,24,MIL,9,0,6.1,0.4,1.1,0.4,0.4,0.9,0.5,0,0.2,0,0.6,0.2,0.2,1,0.3,0.8,1.1,1.1,0.1,0,0.3,0.3,1.6
Chimezie Metu,C,23,SAC,11,0,6.5,1.4,2.7,0.5,0.1,0.3,0.333,1.3,2.5,0.519,0.517,0.5,0.8,0.667,1,1.1,2.1,0.5,0.3,0.5,0.5,0.9,3.4
Khris Middleton,SF,29,MIL,28,28,33,7.5,14.6,0.51,2.4,5.5,0.442,5,9.1,0.551,0.593,3,3.3,0.902,0.7,5.1,5.8,5.8,1,0.1,2.5,2.8,20.3
Darius Miller,SF,30,OKC,12,0,9.3,0.9,2,0.458,0.8,1.8,0.429,0.2,0.3,0.667,0.646,0.3,0.3,1,0.1,1.2,1.3,0.8,0.4,0.3,0.4,0.8,2.8
Patty Mills,PG,32,SAS,27,0,25.4,4.7,10.5,0.449,2.6,6.5,0.4,2.1,4,0.528,0.572,1.2,1.3,0.943,0.3,1.6,1.9,2.7,0.7,0,1,1.4,13.2
Paul Millsap,PF,35,DEN,26,26,23.9,3.8,7.3,0.524,1.2,3,0.41,2.6,4.3,0.604,0.608,1.6,2.3,0.695,1.6,3.6,5.2,1.7,0.8,0.5,1,2.1,10.4
Shake Milton,SG,24,PHI,22,1,24.4,4.9,10.9,0.452,1,3.3,0.306,3.9,7.6,0.515,0.498,3.2,3.6,0.875,0.5,1.4,1.9,3,0.7,0.2,1.5,2.2,14
Donovan Mitchell,SG,24,UTA,27,27,33.6,8.3,19.4,0.427,3.4,8.6,0.391,4.9,10.8,0.457,0.514,4.2,5.1,0.832,1,3.4,4.4,5.1,0.9,0.4,3,2.2,24.2
Adam Mokoka,SG,22,CHI,7,0,6,0.7,2,0.357,0.1,1.1,0.125,0.6,0.9,0.667,0.393,0,0,0,0.1,0.4,0.6,0.6,0.3,0.1,0.3,0.7,1.6
Malik Monk,SG,22,CHO,15,0,21.1,3.6,8,0.45,2.2,4.4,0.5,1.4,3.6,0.389,0.588,1.1,1.3,0.85,0.3,2,2.3,1.8,0.3,0.1,1.1,1.3,10.5
E'Twaun Moore,SG,31,PHO,14,1,16.2,2.3,5.2,0.438,0.4,1.4,0.263,1.9,3.9,0.5,0.473,0.4,0.6,0.75,0.4,1.1,1.4,1.6,0.8,0.1,0.9,1.6,5.4
Ja Morant,PG,21,MEM,16,16,30.3,6.8,14.9,0.458,0.8,3.3,0.25,6,11.6,0.516,0.485,4.3,5.4,0.802,0.8,2.3,3.1,8.3,0.9,0.3,3.2,1.4,18.8
Juwan Morgan,PF,23,UTA,12,0,5.3,0.5,1.1,0.462,0.3,0.8,0.333,0.3,0.3,0.75,0.577,0,0.3,0,0.3,0.8,1.1,0.3,0.3,0,0.2,0.9,1.3
Marcus Morris,PF,31,LAC,21,2,25,4.5,10,0.45,2.5,5,0.5,2,5,0.4,0.576,1.7,1.9,0.897,0.8,3,3.8,0.9,0.6,0.3,1,1.8,13.2
Markieff Morris,PF,31,LAL,23,2,15.3,1.6,4,0.387,0.9,2.7,0.323,0.7,1.3,0.516,0.495,0.6,0.8,0.722,0.6,2.9,3.5,0.9,0.2,0.3,0.5,1.5,4.6
Monte Morris,PG,25,DEN,27,3,26,4.1,8.5,0.489,1.3,3.2,0.391,2.9,5.3,0.549,0.563,1.2,1.7,0.702,0.3,1.9,2.1,3.3,0.7,0.3,0.6,0.8,10.8
Mychal Mulder,PG,26,GSW,28,1,10.8,1.4,3,0.476,1.1,2.6,0.444,0.3,0.4,0.667,0.667,0.3,0.4,0.636,0,0.9,0.9,0.4,0.2,0.2,0.2,1,4.3
Dejounte Murray,PG,24,SAS,27,27,30.4,6.2,13.9,0.447,1,3.3,0.315,5.1,10.6,0.488,0.484,1.7,2.1,0.81,0.6,6.6,7.2,5,1.6,0.1,1.7,2.1,15.1
Jamal Murray,PG,23,DEN,26,26,34.9,7.2,15.9,0.452,2.3,6.3,0.358,4.9,9.6,0.514,0.523,2.8,3.4,0.809,0.7,3.6,4.3,4.5,1.1,0.3,2.3,2.1,19.4
Mike Muscala,C,29,OKC,26,0,19,3.4,7.6,0.444,2,5.3,0.38,1.4,2.3,0.59,0.576,1.1,1.2,0.906,0.5,3.2,3.7,0.9,0.3,0.3,0.7,1.5,9.9
Sviatoslav Mykhailiuk,SF,23,DET,27,0,15.4,2.1,5.6,0.38,1.4,4.3,0.322,0.7,1.3,0.571,0.503,0.8,0.9,0.875,0.3,1.6,1.9,1.2,0.6,0.2,0.7,0.9,6.4
Abdel Nader,SF,27,PHO,12,0,14.3,2.6,5.2,0.5,0.8,2.1,0.4,1.8,3.1,0.568,0.581,1.2,1.5,0.778,0,2.4,2.4,0.9,0.4,0.1,0.7,1.1,7.2
Larry Nance Jr.,PF,28,CLE,19,18,33.4,3.7,7.6,0.483,1.3,3.3,0.381,2.4,4.3,0.561,0.566,0.6,1.1,0.571,1.4,5.4,6.8,3.2,1.9,0.5,1.5,2.2,9.3
Aaron Nesmith,SF,21,BOS,13,0,14.7,1.2,3.6,0.34,0.9,2.9,0.316,0.3,0.7,0.444,0.468,0.4,0.5,0.714,0.5,1.8,2.3,0.5,0,0.3,0.7,1.8,3.8
Raul Neto,PG,28,WAS,21,6,18.9,3.1,6.7,0.468,1,2.7,0.368,2.1,4,0.536,0.543,0.8,1,0.8,0.5,1.8,2.2,1.7,1,0.1,0.6,1.3,8
Georges Niang,PF,27,UTA,29,0,13.1,1.8,4.7,0.39,1,3.2,0.323,0.8,1.5,0.535,0.5,0.2,0.2,1,0.3,1.9,2.2,0.8,0.4,0.1,0.7,1.5,4.9
Zeke Nnaji,PF,20,DEN,15,0,7.5,1.1,2.1,0.5,0.7,1.3,0.5,0.4,0.8,0.5,0.656,0.1,0.3,0.5,0.3,0.5,0.9,0,0.1,0.1,0,0.5,2.9
Nerlens Noel,C,26,NYK,25,3,19,1.8,3.1,0.564,0,0.1,0,1.8,3,0.579,0.564,0.5,0.9,0.545,1.7,3.6,5.3,0.5,0.9,1.9,0.9,2.2,4
Jaylen Nowell,SG,21,MIN,15,0,15.7,3.5,7.7,0.457,1.1,3.2,0.354,2.4,4.5,0.529,0.53,1.5,1.9,0.786,0.5,1.2,1.7,0.9,0.4,0.3,0.6,1.8,9.7
Frank Ntilikina,PG,22,NYK,4,0,10.5,1.5,3.5,0.429,1.3,2.3,0.556,0.3,1.3,0.2,0.607,0.3,0.8,0.333,0.3,0.8,1,0.8,0.8,0,0.5,1.8,4.5
Kendrick Nunn,PG,25,MIA,20,8,28.4,5.4,11.3,0.473,1.9,5.5,0.349,3.5,5.9,0.59,0.558,1.1,1.2,0.875,0.5,2.8,3.2,2.3,1.1,0.2,2.1,1.8,13.7
Jusuf Nurkic,C,26,POR,12,12,23.3,4.2,8.6,0.485,0.3,1,0.25,3.9,7.6,0.516,0.5,1.3,2.3,0.556,1.9,5.8,7.7,2.8,0.9,0.9,1.9,2.8,9.8
David Nwaba,SF,28,HOU,24,9,23.3,3.4,7,0.482,0.6,2.2,0.264,2.8,4.8,0.583,0.524,1.4,2.1,0.68,1.2,2.5,3.7,1.1,1.1,0.8,0.6,2.1,8.8
Jordan Nwora,SF,22,MIL,10,0,8.2,1.7,3.7,0.459,0.8,1.6,0.5,0.9,2.1,0.429,0.568,0.9,1,0.9,0.1,1.4,1.5,0,0.4,0.2,1,0.9,5.1
Royce O'Neale,SF,27,UTA,29,29,32.6,2.7,5.8,0.462,1.8,4.1,0.429,0.9,1.7,0.54,0.612,0.8,0.9,0.846,1.1,5.7,6.9,2.3,0.8,0.7,1.1,2.9,7.9
Semi Ojeleye,PF,26,BOS,27,6,19.6,2,4.7,0.414,1.3,3.3,0.378,0.7,1.4,0.5,0.547,0.7,0.9,0.72,0.6,2.5,3.1,0.9,0.3,0,0.4,1.2,5.9
Jahlil Okafor,C,25,DET,12,0,10,2.1,3.5,0.595,0,0.3,0,2.1,3.3,0.641,0.595,0.1,0.2,0.5,1.1,1.2,2.3,0.3,0.2,0.2,0.3,0.8,4.3
Chuma Okeke,PF,22,ORL,13,0,21.7,1.7,4.5,0.379,0.7,2.2,0.31,1,2.2,0.448,0.457,0.2,0.5,0.5,1.2,2.2,3.4,2.1,0.8,0.3,0.7,1,4.3
Josh Okogie,SG,22,MIN,23,18,20.3,1.7,4.8,0.345,0.4,2,0.217,1.2,2.8,0.438,0.391,1.3,1.7,0.763,1,1.6,2.6,1.2,0.8,0.6,0.7,1.9,5
Onyeka Okongwu,C,20,ATL,9,1,10.3,1.1,2.1,0.526,0,0,0,1.1,2.1,0.526,0.526,0.8,1.3,0.583,0.7,2.1,2.8,0.4,0.4,0.7,0.6,1.7,3
Isaac Okoro,SG,20,CLE,24,24,33,2.8,7.1,0.388,0.7,2.7,0.25,2.1,4.4,0.472,0.435,1.3,1.9,0.674,0.9,1.5,2.4,1.9,1.1,0.4,1.4,2.9,7.5
KZ Okpala,PF,21,MIA,14,5,12,0.9,2.2,0.387,0.5,1.4,0.368,0.4,0.9,0.417,0.5,0.1,0.4,0.333,0.3,1.1,1.4,0.4,0.2,0.1,0.6,1.4,2.4
Victor Oladipo,SG,28,TOT,20,20,32,7,17.5,0.401,2.4,7.3,0.329,4.6,10.2,0.453,0.47,2.7,3.7,0.74,0.2,5,5.2,4.6,1.4,0.4,2.2,2.4,19.1
Victor Oladipo,SG,28,IND,9,9,33.3,7.1,16.9,0.421,2.8,7.7,0.362,4.3,9.2,0.47,0.503,3,4.1,0.73,0.1,5.6,5.7,4.2,1.7,0.2,2,2.6,20
Victor Oladipo,SG,28,HOU,11,11,30.9,6.9,17.9,0.386,2.1,7,0.299,4.8,10.9,0.442,0.444,2.5,3.3,0.75,0.3,4.5,4.8,4.9,1.1,0.5,2.4,2.3,18.4
Kelly Olynyk,C,29,MIA,27,22,26,3.6,8.5,0.424,2.1,6.1,0.343,1.5,2.3,0.635,0.548,0.6,0.8,0.714,1,4.8,5.8,2,0.8,0.7,1.3,2.6,9.9
Miye Oni,SG,23,UTA,23,0,8,0.4,1.3,0.323,0.4,1.1,0.346,0,0.2,0.2,0.468,0.2,0.3,0.833,0.5,1.3,1.8,0.3,0.1,0.2,0.3,1.1,1.5
Cedi Osman,SF,25,CLE,29,13,26.4,4.1,10.9,0.381,2.1,6.1,0.341,2.1,4.8,0.432,0.476,1.1,1.4,0.786,0.7,2.7,3.3,2.6,0.9,0.1,1,2.1,11.5
Daniel Oturu,C,21,LAC,10,0,4.2,0.9,1.5,0.6,0,0.1,0,0.9,1.4,0.643,0.6,0.2,0.2,1,0.5,0.9,1.4,0.4,0,0.3,0.2,0.6,2
Kelly Oubre Jr.,SF,25,GSW,29,29,29.4,5.2,12.7,0.41,1.7,5.3,0.31,3.6,7.3,0.484,0.476,2.2,2.9,0.759,1.4,4.5,5.9,1.4,1.1,0.8,1.4,2.4,14.2
Eric Paschall,PF,24,GSW,26,2,17.7,3.9,7.7,0.507,0.5,1.4,0.333,3.5,6.3,0.545,0.537,1.7,2.4,0.714,0.9,2.5,3.4,1.3,0.2,0.1,0.8,1.7,10
Anzejs Pasecniks,C,25,WAS,1,0,6,0,1,0,0,1,0,0,0,0,0,0,0,0,1,0,1,1,0,0,5,2,0
Patrick Patterson,PF,31,LAC,10,1,13,1.6,3.8,0.421,1,2.8,0.357,0.6,1,0.6,0.553,0.3,0.4,0.75,0.4,1.6,2,0.5,0.3,0.1,0.7,1.3,4.5
Chris Paul,PG,35,PHO,26,26,32.4,6.5,13.4,0.489,1.5,4,0.369,5.1,9.4,0.539,0.543,2.7,2.7,0.972,0.6,4.1,4.7,8.2,1.2,0.3,2.3,2.7,17.2
Cameron Payne,PG,26,PHO,16,0,17.2,2.6,5.6,0.461,0.9,2.4,0.395,1.6,3.2,0.51,0.545,0.6,0.6,1,0.1,1.8,1.9,3.6,0.6,0.2,1.2,2.1,6.6
Elfrid Payton,PG,26,NYK,30,30,27.7,5.2,11.8,0.441,0.5,1.9,0.25,4.7,9.9,0.477,0.46,1.4,1.9,0.719,1.3,2.6,3.8,3.6,0.6,0.2,1.9,2,12.2
Norvel Pelle,F-C,27,BRK,3,0,9.3,1,2.3,0.429,0,0,0,1,2.3,0.429,0.429,0,0,0,1,1.3,2.3,0,0,1,1,3,2
Reggie Perry,PF,20,BRK,14,0,10.5,1.5,3.6,0.412,0.1,0.9,0.167,1.4,2.8,0.487,0.431,0.4,0.6,0.667,1.2,2.4,3.6,0.9,0.1,0.4,0.8,1.9,3.6
Theo Pinson,SG,25,NYK,9,0,2.3,0.1,0.8,0.143,0,0.7,0,0.1,0.1,1,0.143,0,0,0,0,0.1,0.1,0,0,0,0,0.3,0.2
Mason Plumlee,C,30,DET,26,26,27.9,4.2,7,0.596,0,0.2,0,4.2,6.8,0.612,0.596,1.8,2.6,0.691,3,5.8,8.8,3.4,0.9,0.7,2,3.5,10.2
Jakob Poeltl,C,25,SAS,27,9,22.2,3,4.9,0.611,0,0,0,3,4.9,0.611,0.611,0.4,1.4,0.316,3,4,7,1.7,0.6,1.5,1.1,2.1,6.4
Vincent Poirier,C,27,PHI,4,0,4.5,0.3,0.8,0.333,0,0,0,0.3,0.8,0.333,0.333,0.5,1,0.5,0.5,0.5,1,0.3,0,0.5,0.3,0.3,1
Aleksej Pokusevski,PF,19,OKC,17,0,17.4,1.4,5.5,0.247,0.6,3.3,0.179,0.8,2.2,0.351,0.301,0,0,0,0.3,3.2,3.5,1.2,0.5,1.1,1.3,0.9,3.3
Jordan Poole,SG,21,GSW,15,0,9.5,1.7,4.1,0.426,0.9,2.6,0.333,0.9,1.5,0.591,0.533,1.2,1.3,0.947,0.1,1.1,1.2,0.9,0.2,0.1,0.5,0.9,5.5
Michael Porter Jr.,SF,22,DEN,18,11,27,5.1,10.8,0.474,2.1,5.7,0.373,3,5.1,0.587,0.572,1.3,1.7,0.8,1.2,4.9,6.1,1.1,1.1,1.2,1.1,2.3,13.7
Otto Porter,SF,27,CHI,16,6,23.3,4,9,0.444,1.8,4.4,0.4,2.3,4.6,0.486,0.542,1.9,2.3,0.833,1.3,5,6.3,2,0.6,0.2,0.9,1.6,11.6
Bobby Portis,C,25,MIL,28,1,21.8,5,9,0.556,1.1,2.2,0.484,3.9,6.8,0.579,0.615,0.7,1,0.679,2,5.3,7.3,1.1,0.9,0.4,0.8,2,11.8
Kristaps Porzingis,C,25,DAL,17,17,29.9,7.8,16.4,0.473,2.2,6.4,0.352,5.5,10.1,0.55,0.541,2.8,3.2,0.855,2.1,6.2,8.2,1.3,0.4,1.6,1.2,3.3,20.5
Dwight Powell,C,29,DAL,17,6,16.3,1.4,2.8,0.511,0.1,0.4,0.143,1.4,2.4,0.575,0.521,1.8,2.6,0.689,1.2,2.4,3.6,0.9,0.8,0.4,0.6,2.4,4.7
Norman Powell,SG,27,TOR,26,15,28.3,5.5,11.8,0.464,2.3,5.3,0.424,3.2,6.5,0.497,0.56,3,3.4,0.876,0.4,2.5,2.9,1.5,1.1,0.2,1.4,2,16.3
Taurean Prince,PF,26,TOT,27,10,21.9,2.8,7.2,0.392,1.4,3.5,0.4,1.4,3.7,0.384,0.49,1.7,2,0.849,0.4,3.2,3.6,1.7,0.7,0.7,1.1,1.9,8.7
Taurean Prince,PF,26,BRK,12,4,18.2,2.5,6.2,0.405,1.1,3.1,0.351,1.4,3.1,0.459,0.493,2,2.3,0.889,0.2,2.7,2.8,0.6,0.7,0.7,0.9,1.8,8.1
Taurean Prince,PF,26,CLE,15,6,24.9,3.1,8,0.383,1.7,3.9,0.431,1.4,4.1,0.339,0.488,1.4,1.7,0.808,0.7,3.6,4.3,2.6,0.7,0.7,1.3,1.9,9.2
Payton Pritchard,SG,23,BOS,22,1,21.5,3,6.3,0.475,1.5,3.5,0.41,1.5,2.8,0.557,0.59,0.5,0.6,0.923,0.5,2,2.5,2.4,0.6,0.2,1.3,2,8
Immanuel Quickley,PG,21,NYK,26,0,19.4,3.9,9.8,0.395,1.7,4.6,0.367,2.2,5.2,0.419,0.48,2.9,3.1,0.95,0.4,2,2.3,2.7,0.4,0.3,0.9,2.1,12.4
Jahmi'us Ramsey,SG,19,SAC,4,0,4,0.5,1,0.5,0.3,0.8,0.333,0.3,0.3,1,0.625,0,0,0,0,1,1,0.3,0,0.3,0.3,0,1.3
Chasson Randle,G,27,ORL,1,0,19,1,4,0.25,0,2,0,1,2,0.5,0.25,0,0,0,0,2,2,5,0,0,1,4,2
Julius Randle,PF,26,NYK,30,30,36.7,8.1,16.9,0.48,1.8,4.5,0.407,6.3,12.4,0.507,0.535,5.1,6.4,0.802,1.4,9.5,10.9,5.5,0.7,0.2,3.3,3.1,23.2
Cam Reddish,SF,21,ATL,24,19,28.8,3.8,10.1,0.376,1.3,4.9,0.265,2.5,5.2,0.48,0.44,2.6,3.2,0.805,0.8,3.2,4,1.4,1.1,0.3,1.3,2.7,11.5
J.J. Redick,SG,36,NOP,25,0,18.2,2.5,6.7,0.377,1.7,4.7,0.368,0.8,2,0.4,0.506,1.4,1.4,0.972,0.1,1.4,1.5,1.1,0.3,0.1,0.8,1.2,8.2
Paul Reed,PF,21,PHI,5,0,11,1.8,4.4,0.409,0,0.6,0,1.8,3.8,0.474,0.409,0,0,0,1.4,0.6,2,0.6,0.2,0.8,1,0.8,3.6
Naz Reid,C,21,MIN,27,13,21.5,4.9,9.3,0.524,1.1,2.7,0.397,3.8,6.6,0.576,0.582,1.7,2.3,0.73,1.3,3.6,4.9,1.3,0.7,1.2,1.1,3.1,12.5
Nick Richards,PF,23,CHO,8,0,2.9,0.4,0.8,0.5,0,0,0,0.4,0.8,0.5,0.5,0.6,0.8,0.833,0.3,0.5,0.8,0,0,0,0.1,0.5,1.4
Josh Richardson,SG,27,DAL,19,19,31.6,4.4,10.3,0.423,1.5,5.2,0.296,2.8,5.2,0.551,0.497,2.2,2.4,0.933,1,1.9,2.9,2.7,0.8,0.2,1.4,2.9,12.5
Austin Rivers,SG,28,NYK,21,2,21,2.8,6.4,0.43,1.3,3.7,0.364,1.4,2.8,0.517,0.533,0.5,0.7,0.714,0.2,2,2.2,2,0.6,0,1,1.5,7.3
Duncan Robinson,SF,26,MIA,28,28,33.3,4,9.7,0.415,3.3,8.4,0.389,0.8,1.4,0.579,0.583,1.3,1.5,0.854,0,3.8,3.8,1.5,0.4,0.3,1.5,2.3,12.6
Glenn Robinson III,SF,27,SAC,22,1,15.7,1.8,4.2,0.43,0.7,2,0.372,1.1,2.3,0.48,0.516,1,1,0.913,0.3,1.3,1.6,0.9,0.1,0.1,0.5,1,5.3
Jerome Robinson,SG,23,WAS,13,3,17,1.7,5.2,0.328,0.7,2.4,0.29,1,2.8,0.361,0.396,1.2,1.3,0.882,0.2,2.4,2.5,1.4,0.5,0.2,0.8,1.6,5.2
Mitchell Robinson,C,22,NYK,27,27,28.8,3.8,5.8,0.66,0,0,0,3.8,5.8,0.66,0.66,0.8,1.7,0.478,3.6,4.8,8.4,0.5,1.2,1.5,0.8,2.9,8.4
Isaiah Roby,PF,22,OKC,22,9,20.2,3.4,6.2,0.54,0.5,1.6,0.314,2.9,4.6,0.618,0.58,1.3,1.9,0.69,1.6,3.5,5.2,1.5,0.7,0.6,1,2.5,8.5
Rajon Rondo,PG,34,ATL,14,2,15.3,1.4,3.9,0.345,0.6,1.9,0.308,0.8,2.1,0.379,0.418,0.1,0.1,0.5,0.3,2,2.3,3.9,0.6,0.1,1.4,0.9,3.4
Derrick Rose,PG,32,TOT,20,0,22.3,5,11.7,0.427,0.8,2.4,0.333,4.2,9.3,0.452,0.462,2.7,3.2,0.841,0.4,1.8,2.2,4,1.2,0.4,1.9,1.1,13.5
Derrick Rose,PG,32,DET,15,0,22.8,5.3,12.3,0.429,0.9,2.6,0.333,4.4,9.7,0.455,0.465,2.8,3.3,0.84,0.4,1.5,1.9,4.2,1.2,0.3,1.9,1.1,14.2
Derrick Rose,G,32,NYK,5,0,20.6,4.2,10,0.42,0.6,1.8,0.333,3.6,8.2,0.439,0.45,2.2,2.6,0.846,0.2,2.6,2.8,3.4,1,0.6,1.6,0.8,11.2
Terrence Ross,SG,29,ORL,28,1,28.8,5.5,13.3,0.414,2,5.7,0.346,3.5,7.6,0.465,0.488,2.4,2.6,0.892,0.3,2.9,3.2,2.1,1,0.5,1.8,2,15.3
Terry Rozier,SG,26,CHO,26,26,33.3,7.5,15.2,0.49,3.4,7.7,0.445,4,7.5,0.536,0.602,2.2,2.8,0.795,0.6,3.5,4.1,3,1.3,0.5,1.7,2,20.6
Ricky Rubio,PG,30,MIN,27,12,25.1,2.5,6.7,0.37,0.6,2.1,0.276,1.9,4.6,0.415,0.414,1.6,2,0.83,0.4,3,3.4,6.5,1.3,0,2.1,2.2,7.2
D'Angelo Russell,PG,24,MIN,20,19,29.2,7,16.3,0.426,3,7.4,0.399,4,8.9,0.449,0.517,2.4,3.2,0.75,0.5,2.2,2.6,5.1,1.1,0.5,2.7,2,19.3
Domantas Sabonis,PF,24,IND,29,29,36.4,8.2,15.5,0.528,1,2.8,0.358,7.2,12.7,0.565,0.56,4.1,5.8,0.71,2.8,8.8,11.6,5.7,1,0.7,3.4,3.6,21.5
Luka Å amaniÄ‡,PF,21,SAS,4,0,2.8,0.5,1.5,0.333,0.5,0.8,0.667,0,0.8,0,0.5,0.3,0.5,0.5,0,0,0,0,0,0,0,0,1.8
JaKarr Sampson,PF,27,IND,13,0,6,0.8,1.9,0.44,0,0.2,0,0.8,1.7,0.5,0.44,0.6,0.8,0.8,0.5,1.5,2,0,0.1,0.2,0.2,0.7,2.3
Dario Saric,PF,26,PHO,10,0,18.1,3.5,8,0.438,1.1,3.5,0.314,2.4,4.5,0.533,0.506,2.3,2.4,0.958,0.7,3.3,4,1.2,1,0.2,1.4,2,10.4
Tomas Satoransky,SG,29,CHI,16,0,20,2.3,4.6,0.493,0.7,1.6,0.44,1.6,3,0.521,0.568,1.2,1.3,0.905,0.3,2.4,2.7,4.9,0.6,0.2,1.5,1.3,6.4
Dennis Schroder,SG,27,LAL,29,29,31.1,5.1,11.5,0.441,1,3.1,0.311,4.1,8.4,0.49,0.483,3.1,3.8,0.82,0.6,3,3.6,4.3,0.9,0.2,2.2,2.7,14.2
Mike Scott,PF,32,PHI,11,3,17.5,1.5,4.4,0.333,1,3.5,0.289,0.5,0.9,0.5,0.448,0.2,0.3,0.667,0.4,2.3,2.6,0.1,0.3,0.2,0.5,1.4,4.1
Collin Sexton,SG,22,CLE,24,24,35.3,8.4,17.4,0.484,1.5,3.6,0.407,7,13.8,0.505,0.526,4.5,5.5,0.805,0.8,1.8,2.5,4.3,1.1,0.2,2.5,2.9,22.8
Landry Shamet,SG,23,BRK,26,0,19,2.3,6.2,0.377,1.6,4.5,0.347,0.8,1.7,0.455,0.503,1.1,1.3,0.879,0.2,1.3,1.5,1.3,0.5,0.2,0.8,1.3,7.4
Pascal Siakam,PF,26,TOR,25,25,35.8,7.6,16.8,0.455,1.2,4.2,0.298,6.4,12.6,0.506,0.492,4.1,5.1,0.797,2.2,5.6,7.8,4.5,1.2,0.6,2.2,3.1,20.6
Chris Silva,PF,24,MIA,6,0,8.8,1,1.5,0.667,0.2,0.2,1,0.8,1.3,0.625,0.722,1.7,2,0.833,1.2,1.8,3,1,0.2,0.3,1.3,2.3,3.8
Ben Simmons,PG,24,PHI,25,25,33.4,5.8,10.4,0.562,0,0.2,0.167,5.8,10.2,0.571,0.563,3.5,5.3,0.667,1.6,6.7,8.3,8,1.7,0.8,3.4,3.2,15.2
Anfernee Simons,SG,21,POR,25,0,17.9,3,7.4,0.413,2.2,5.2,0.42,0.8,2.1,0.396,0.563,0.8,0.9,0.826,0.2,2.1,2.3,1.2,0.2,0.2,0.8,1.7,9
Deividas Sirvydis,SG,20,DET,4,0,1.3,0,0.5,0,0,0.5,0,0,0,0,0,0,0,0,0,0,0,0.3,0,0,0,0,0
Marcus Smart,PG,26,BOS,17,17,32.3,4.4,11.1,0.394,1.6,5.3,0.311,2.7,5.8,0.469,0.468,2.7,3.6,0.742,0.4,2.4,2.8,6.1,1.8,0.5,1.8,2.3,13.1
Dennis Smith Jr.,PG,23,TOT,7,0,12.1,1.6,4.7,0.333,0.3,1.7,0.167,1.3,3,0.429,0.364,1.1,1.4,0.8,0.3,0.9,1.1,1.6,0.4,0.1,0.7,0.7,4.6
Dennis Smith Jr.,PG,23,NYK,3,0,9.3,0.7,3.3,0.2,0,1.3,0,0.7,2,0.333,0.2,1.7,2,0.833,0,0.7,0.7,1,1,0,0.3,1.3,3
Dennis Smith Jr.,G,23,DET,4,0,14.3,2.3,5.8,0.391,0.5,2,0.25,1.8,3.8,0.467,0.435,0.8,1,0.75,0.5,1,1.5,2,0,0.3,1,0.3,5.8
Ish Smith,PG,32,WAS,19,1,20.6,2.3,6.1,0.379,0.3,1.1,0.25,2.1,5.1,0.406,0.401,0.3,0.8,0.4,0.5,2.9,3.5,4.7,0.8,0.2,1,0.9,5.2
Jalen Smith,PF,20,PHO,8,0,6.3,0.8,2.1,0.353,0.3,0.9,0.286,0.5,1.3,0.4,0.412,0,0.3,0,0.6,0.6,1.3,0.3,0,0.3,0.1,0.4,1.8
Tony Snell,SG,29,ATL,15,0,12.9,1.1,2.7,0.4,0.9,1.9,0.483,0.1,0.7,0.182,0.575,0,0,0,0.4,1.2,1.6,0.9,0.1,0.1,0.4,0.9,3.1
Ray Spalding,F,23,HOU,2,0,9.5,1,2,0.5,0,0.5,0,1,1.5,0.667,0.5,0,1,0,1,1,2,0,0,1,1.5,1.5,2
Cassius Stanley,SG,21,IND,8,0,2.9,0.3,0.9,0.286,0.1,0.3,0.5,0.1,0.6,0.2,0.357,0.5,0.6,0.8,0.3,0.1,0.4,0,0,0.3,0.1,0.9,1.1
Lamar Stevens,PF,23,CLE,18,0,14.7,1.7,4.3,0.403,0.1,0.8,0.133,1.6,3.4,0.468,0.416,1,1.5,0.667,0.4,2.2,2.6,1.1,0.4,0.3,0.4,1.2,4.6
Isaiah Stewart,C,19,DET,26,2,17.9,2.2,4.2,0.523,0,0.2,0.25,2.2,4,0.533,0.528,0.8,1.2,0.7,2.5,2.9,5.4,0.7,0.5,0.9,0.8,2.7,5.2
Max Strus,SF,24,MIA,16,0,14.7,2.6,4.9,0.519,1.7,4,0.422,0.9,0.9,0.933,0.69,0.4,0.6,0.778,0.1,1,1.1,0.5,0.1,0,0.2,1.2,7.3
Edmond Sumner,SG,25,IND,16,4,9.4,1.5,3,0.5,0.3,1,0.313,1.2,2,0.594,0.552,0.6,0.9,0.643,0.4,0.9,1.3,0.5,0.5,0.1,0.6,1.1,3.9
Jae'Sean Tate,SF,25,HOU,28,18,27.3,4,7.3,0.549,0.7,2.1,0.328,3.3,5.2,0.637,0.596,1.2,1.6,0.717,1.6,3.4,5.1,1.8,0.9,0.6,1.2,3,9.9
Jayson Tatum,SF,22,BOS,23,23,35.2,9.3,20.8,0.449,2.7,7,0.389,6.6,13.8,0.479,0.515,4.4,5,0.886,0.6,6.4,7,4.7,1.3,0.4,2.4,1.9,25.8
Jeff Teague,PG,32,BOS,23,3,17.3,1.8,5.7,0.323,0.7,1.7,0.421,1.1,4,0.283,0.385,1.2,1.3,0.9,0.3,1.3,1.6,2,0.9,0.1,1.1,1,5.5
Garrett Temple,SG,34,CHI,26,5,27.5,3.2,7.6,0.426,1.5,4.3,0.36,1.7,3.3,0.512,0.528,0.8,1,0.815,0.5,2.6,3.1,2,1.1,0.5,1,2.4,8.8
Tyrell Terry,PG,20,DAL,11,0,5.1,0.5,1.5,0.313,0,0.6,0,0.5,0.8,0.556,0.313,0.1,0.3,0.333,0,0.5,0.5,0.5,0.5,0,0.2,0.2,1
Daniel Theis,C,28,BOS,26,21,24,3.7,6.5,0.571,0.9,2.2,0.397,2.8,4.2,0.664,0.64,1.1,1.6,0.683,1.3,3.8,5.1,1.4,0.6,1,1,2.8,9.3
Brodric Thomas,SG,24,HOU,4,0,6,0.5,1.8,0.286,0.3,1.5,0.167,0.3,0.3,1,0.357,1.3,1.8,0.714,0.3,0.8,1,1,0.3,0.3,1,1.3,2.5
Matt Thomas,SG,26,TOR,14,0,6,0.8,2,0.393,0.6,1.5,0.429,0.1,0.5,0.286,0.554,0.3,0.3,1,0.1,0.6,0.6,0.4,0.1,0,0.3,0.4,2.5
Tristan Thompson,PF,29,BOS,26,21,22.5,2.8,5.6,0.507,0,0.1,0,2.8,5.5,0.514,0.507,1.3,2.1,0.611,2.9,5.4,8.3,0.8,0.3,0.3,0.9,2.2,7
Sindarius Thornwell,SG,26,NOP,10,1,5.1,0.5,1.2,0.417,0.3,0.6,0.5,0.2,0.6,0.333,0.542,0,0.2,0,0.1,0.2,0.3,0.2,0.4,0,0.1,0.3,1.3
Matisse Thybulle,SG,23,PHI,26,1,17.7,1.2,3.2,0.386,0.6,2,0.288,0.7,1.2,0.548,0.476,0.2,0.5,0.5,0.3,1,1.3,0.8,1.6,0.8,0.3,2,3.3
Xavier Tillman Sr.,PF,22,MEM,19,6,21.2,3.4,6.3,0.546,0.5,1.3,0.375,2.9,5,0.589,0.584,0.6,0.8,0.75,1.4,3.1,4.5,1.6,1,0.6,0.9,2.5,7.9
Obi Toppin,PF,22,NYK,20,0,12,2,4.2,0.482,0.6,1.9,0.297,1.5,2.3,0.63,0.548,0.4,0.5,0.7,0.3,2.2,2.4,0.5,0.2,0.5,0.5,0.9,4.9
Juan Toscano-Anderson,SG,27,GSW,16,10,21.8,2.6,4.7,0.56,0.7,1.6,0.423,1.9,3.1,0.633,0.633,0.6,0.9,0.714,0.8,4,4.8,2.3,0.6,0.7,1.1,2.3,6.6
Karl-Anthony Towns,C,25,MIN,9,9,33.1,7.7,15.1,0.507,2,4.7,0.429,5.7,10.4,0.543,0.574,4.4,4.8,0.93,3.1,7.4,10.6,3.3,1,1.9,2.8,3.3,21.8
Gary Trent Jr.,SG,22,POR,26,13,30.2,5.5,12.5,0.44,3.2,7.2,0.447,2.3,5.3,0.431,0.569,1.1,1.4,0.784,0.5,1.6,2.1,1.4,0.7,0.2,0.7,1.5,15.3
P.J. Tucker,PF,35,HOU,26,26,30,1.6,4.3,0.375,0.9,2.8,0.329,0.7,1.5,0.462,0.482,0.5,0.7,0.824,1,3.6,4.6,1.4,0.8,0.5,1,3,4.7
Myles Turner,C,24,IND,27,27,31.2,4.7,9.4,0.498,1.4,4.4,0.325,3.2,4.9,0.654,0.575,2.4,3.1,0.776,1.3,5.3,6.6,1,1.1,3.5,1.4,3.6,13.2
Jonas ValanÄiÅ«nas,C,28,MEM,19,18,27.5,6.5,11.2,0.585,0.4,1.1,0.381,6.1,10.1,0.607,0.604,3.1,4.1,0.753,3.2,7.6,10.8,2.1,0.6,0.8,2.2,3.3,16.5
Denzel Valentine,SG,27,CHI,23,3,20.1,3.2,8.2,0.388,1.9,5,0.377,1.3,3.2,0.405,0.503,0.3,0.3,1,0.3,3.6,3.9,1.8,0.7,0,0.6,1.3,8.5
Jarred Vanderbilt,PF,21,MIN,27,10,19.1,2.5,4.2,0.602,0,0.1,0.5,2.5,4.1,0.604,0.606,1,1.9,0.51,1.9,4.1,6,1.7,1.1,0.7,0.9,2.2,6
Fred VanVleet,SG,26,TOR,28,28,36.4,6.9,16.6,0.417,3.3,8.7,0.377,3.6,7.9,0.462,0.516,3.3,3.6,0.892,0.7,3.5,4.2,6.6,1.7,0.7,2.1,2.3,20.4
Devin Vassell,SF,20,SAS,26,1,17.3,1.9,4.8,0.397,1,2.4,0.397,1,2.4,0.397,0.496,0.7,0.8,0.857,0.6,2.6,3.2,1.1,1.1,0.3,0.5,1.2,5.5
Gabe Vincent,PG,24,MIA,18,5,16.2,2.3,6.4,0.353,0.9,3.9,0.239,1.3,2.5,0.533,0.427,0.8,0.9,0.882,0.2,1,1.2,1.5,0.4,0.1,1,2,6.3
Noah Vonleh,F,25,BRK,3,0,2.7,0,0.7,0,0,0.3,0,0,0.3,0,0,0,0,0,0,0.3,0.3,0.3,0,0,0.7,0.7,0
Nikola VuÄeviÄ‡,C,30,ORL,29,29,33.6,9.3,19.6,0.476,2.6,6.2,0.414,6.8,13.4,0.505,0.542,2.1,2.6,0.816,2.1,9.5,11.6,3.4,1.1,0.6,1.7,1.7,23.4
Dean Wade,PF,24,CLE,23,0,8.3,0.7,2.1,0.347,0.5,1.4,0.333,0.3,0.7,0.375,0.459,0.2,0.2,0.8,0.3,0.9,1.3,0.4,0.2,0.1,0.4,0.7,2.1
Moritz Wagner,C,23,WAS,14,3,13.6,2.3,3.9,0.593,0.4,1.3,0.333,1.9,2.6,0.722,0.648,1.1,1.8,0.64,0.4,2.6,3.1,0.9,0.6,0.3,0.6,2.6,6.1
Kemba Walker,PG,30,BOS,13,13,28,5.5,15,0.364,2.6,7.3,0.358,2.8,7.7,0.37,0.451,2.8,3.2,0.902,0.5,3.2,3.7,4,1.1,0.2,2.2,1.3,16.4
Lonnie Walker,SG,22,SAS,25,22,26.6,4,10,0.406,1.6,4.4,0.355,2.5,5.6,0.446,0.484,1.1,1.4,0.8,0.2,2.7,2.9,1.7,0.5,0.4,1,2.1,10.8
John Wall,PG,30,HOU,19,19,31.1,7.4,16.8,0.441,2.1,5.8,0.351,5.4,11,0.488,0.502,3.5,4.7,0.744,0.5,3.2,3.7,6.3,1,0.7,3.5,1.4,20.4
Brad Wanamaker,PG,31,GSW,29,0,16,1.3,4,0.336,0.3,1.6,0.222,1,2.4,0.408,0.379,1.3,1.5,0.884,0.2,1.6,1.8,2.7,0.8,0.1,0.8,1.4,4.3
T.J. Warren,SF,27,IND,4,4,29.3,6.8,12.8,0.529,0,1.8,0,6.8,11,0.614,0.529,2,2.5,0.8,0.5,3,3.5,1.3,0.5,0,1,4,15.5
P.J. Washington,PF,22,CHO,24,24,28.8,4,9.6,0.42,1.1,3.3,0.329,3,6.3,0.467,0.476,2,2.7,0.738,1.7,4.9,6.5,3,0.9,1.3,2,2.7,11.2
Yuta Watanabe,SF,26,TOR,18,0,12.4,1,2.8,0.353,0.7,1.6,0.429,0.3,1.3,0.261,0.471,0.4,0.4,1,0.9,2.4,3.3,0.4,0.5,0.6,0.4,1.1,3.1
Tremont Waters,PG,23,BOS,9,1,10,0.7,3,0.222,0.3,1.3,0.25,0.3,1.7,0.2,0.278,0.8,0.9,0.875,0.2,0.7,0.9,2.8,0.6,0,1.4,0.7,2.4
Paul Watson,SF,26,TOR,13,0,3.2,0.7,1.1,0.643,0.6,0.8,0.727,0.1,0.2,0.333,0.929,0,0,0,0.1,0.6,0.7,0.2,0,0.2,0.1,0.5,2
Quinndary Weatherspoon,SG,24,SAS,5,0,4.8,0.2,1,0.2,0,0.2,0,0.2,0.8,0.25,0.2,0.4,0.4,1,0,0.4,0.4,0.6,0.2,0,1.2,1.4,0.8
Russell Westbrook,PG,32,WAS,19,19,33.2,7.3,17.9,0.406,1.2,4.1,0.295,6.1,13.8,0.439,0.44,3.2,5.1,0.619,1.8,7.6,9.4,9.5,0.8,0.4,4.9,2.8,18.9
Coby White,PG,20,CHI,27,27,33.5,5.6,13.8,0.403,2.4,6.8,0.35,3.2,7,0.455,0.489,1.9,2.2,0.867,0.3,4.4,4.7,5.4,0.4,0.1,2.4,2.4,15.4
Derrick White,SG,26,SAS,8,4,23.6,4.3,10.8,0.395,1.9,5.5,0.341,2.4,5.3,0.452,0.483,1.4,1.9,0.733,0.1,1.6,1.8,3.9,1,1,0.9,2.3,11.8
Hassan Whiteside,C,31,SAC,20,0,14.8,3.5,5.7,0.619,0,0.1,0,3.5,5.6,0.625,0.619,1.4,2.6,0.529,1.6,4.1,5.7,0.5,0.3,1.4,1,1.8,8.4
Andrew Wiggins,PF,25,GSW,29,29,32.2,6.7,14.4,0.468,1.9,5.2,0.373,4.8,9.2,0.521,0.535,2.3,3.4,0.67,1,3.7,4.8,2.1,0.7,1.3,1.8,2.4,17.7
Grant Williams,PF,22,BOS,24,6,19.3,1.9,4.3,0.451,0.9,2.2,0.415,1,2,0.49,0.559,0.6,1.2,0.517,1,2,3,1,0.5,0.4,1,3,5.4
Kenrich Williams,PF,26,OKC,28,6,18.3,2.3,4.3,0.537,0.5,1.2,0.441,1.8,3.1,0.575,0.599,0.4,0.7,0.632,1.4,2.5,3.9,1.7,0.8,0.2,0.9,1.7,5.6
Lou Williams,PG,34,LAC,28,3,22.4,4.4,10.4,0.423,1.1,2.8,0.38,3.3,7.6,0.439,0.474,2.5,2.9,0.854,0.4,2,2.4,3.9,0.8,0.1,1.5,1,12.4
Patrick Williams,PF,19,CHI,26,26,27.7,3.7,8.1,0.455,0.9,2.2,0.397,2.8,5.9,0.477,0.509,1.8,2.3,0.797,0.9,3.7,4.6,1.1,0.7,0.7,1.5,2.3,10.1
Robert Williams,C,23,BOS,21,0,15.1,2.7,3.7,0.727,0,0,0,2.7,3.6,0.737,0.727,0.8,1.1,0.667,2.2,3.1,5.3,0.8,1,1.1,1,1.6,6.1
Zion Williamson,PF,20,NOP,27,27,32.6,9.6,15.6,0.618,0.2,0.6,0.375,9.4,15,0.627,0.625,5.6,7.7,0.718,2.4,4.4,6.8,3.1,1,0.7,2.3,2.6,25
D.J. Wilson,PF,24,MIL,10,0,9.4,1.4,3.7,0.378,0.8,2.3,0.348,0.6,1.4,0.429,0.486,0.1,0.2,0.5,0.3,1.9,2.2,0.3,0.1,0.3,0.4,1.2,3.7
Dylan Windler,SF,24,CLE,15,0,17.5,2.1,4.3,0.477,0.9,2.8,0.31,1.2,1.5,0.783,0.577,1,1.1,0.882,0.7,3,3.7,1.2,0.6,0.5,1,1.3,6
Cassius Winston,PG,22,WAS,6,0,7.3,0.7,1.7,0.4,0.5,1.2,0.429,0.2,0.5,0.333,0.55,0.3,0.3,1,0,0.7,0.7,1,0,0.2,0.2,0.7,2.2
James Wiseman,C,19,GSW,20,16,21,4.9,9.8,0.503,0.5,1.1,0.409,4.5,8.7,0.514,0.526,1.9,3.1,0.623,1.5,4.6,6.1,0.7,0.4,1.3,1.6,3.2,12.2
Christian Wood,C,25,HOU,17,17,31.2,8.8,15.7,0.558,1.9,4.5,0.421,6.9,11.2,0.613,0.618,2.6,3.8,0.688,1.8,8.4,10.2,1.3,0.9,1.5,1.8,1.9,22
Robert Woodard,SF,21,SAC,6,0,2.8,1,1.8,0.545,0.2,0.5,0.333,0.8,1.3,0.625,0.591,0,0.3,0,0.5,0.8,1.3,0,0,0,0.2,0,2.2
Delon Wright,SG,28,DET,28,23,29.4,3.7,8.1,0.456,0.9,2.4,0.353,2.9,5.7,0.5,0.509,2.2,2.8,0.785,1.1,3.5,4.6,4.9,1.4,0.5,1.2,1.1,10.5
Thaddeus Young,PF,32,CHI,23,0,25.7,5.1,8.7,0.587,0.2,0.9,0.238,4.9,7.8,0.628,0.6,0.7,1.5,0.5,2.4,3.4,5.8,4.4,1.4,0.5,2,2.9,11.2
Trae Young,PG,22,ATL,26,26,34.7,7.6,17.7,0.429,2.3,6.2,0.369,5.3,11.5,0.462,0.493,9,10.2,0.887,0.7,3.2,3.8,9.3,0.8,0.3,4.3,2,26.5
Cody Zeller,C,28,CHO,15,12,24.1,4.2,8,0.525,0.2,1.1,0.188,4,6.9,0.577,0.538,1.5,1.9,0.759,2.6,5.4,8,2.5,0.7,0.6,0.9,2.5,10.1
Ivica Zubac,C,23,LAC,30,1,19.5,3.2,4.7,0.669,0,0,0,3.2,4.7,0.674,0.669,2,2.4,0.845,2.3,4.4,6.6,1.1,0.4,0.8,1,2.6,8.3
